
╔════════════════════════════════════════════════════════════════════╗
║           LUCK & INTUITION-BASED SOLVER                            ║
║                                                                    ║
║  "The key is where you'd least/most expect it"                    ║
║  Testing lucky numbers, gut feelings, and beautiful patterns      ║
╚════════════════════════════════════════════════════════════════════╝
    
🍀 LUCKY PATTERN SEARCH
======================================================================
Testing lucky number offsets...
Generated 72 lucky positions

📅 SIGNIFICANT DATES SEARCH
======================================================================
Testing significant dates as key offsets...
Generated 27 date-based positions

🧠 HUMAN PSYCHOLOGY SEARCH
======================================================================
Testing psychologically attractive positions...
Generated 48 psychological positions

🔢 MATHEMATICAL BEAUTY SEARCH
======================================================================
Testing mathematically beautiful positions...
Generated 102 beautiful positions

✨ GUT FEELING / PURE INTUITION
======================================================================
Following the feeling... testing keys that just 'feel right'


======================================================================
Total intuition-based positions to test: 504
======================================================================

🍀 Tested: 100/504 | Rate: 18236104/s | Last: Start: Exactly at start (too obvious?)
🍀 Tested: 200/504 | Rate: 13315251/s | Last: Middle + Fib 13
🍀 Tested: 300/504 | Rate: 13107200/s | Last: 20% + 42
🍀 Tested: 400/504 | Rate: 13210406/s | Last: 66% through range
🍀 Tested: 500/504 | Rate: 13617870/s | Last: 99% - 100

======================================================================
Continuing with pure random gut feelings...
======================================================================

✨ Following gut feelings... Tested: 10,000 | Rate: 316582/s | Key: 0x4e4b06947bc5bda9c7ca43956fc5be304d
✨ Following gut feelings... Tested: 20,000 | Rate: 402063/s | Key: 0x4a75b5965c12e6845527bcaf14603e525f
✨ Following gut feelings... Tested: 30,000 | Rate: 463881/s | Key: 0x4fd449b23115ece18a179d81ac4043030e
✨ Following gut feelings... Tested: 40,000 | Rate: 495785/s | Key: 0x6808acd5275caf48318f4869c7062eb93a
✨ Following gut feelings... Tested: 50,000 | Rate: 526560/s | Key: 0x7914c6171f802375bf9f0155b2d33b9baf
✨ Following gut feelings... Tested: 60,000 | Rate: 560892/s | Key: 0x62e2929717dfd018d85bb2e238cfd8a84d
✨ Following gut feelings... Tested: 70,000 | Rate: 588040/s | Key: 0x7f162bd7051402d7fb94c213f73d344a1b
✨ Following gut feelings... Tested: 80,000 | Rate: 592423/s | Key: 0x6422196fc537f7f1c64ed51601aad0cc82
✨ Following gut feelings... Tested: 90,000 | Rate: 591616/s | Key: 0x6d492f41b430a433db0ec404d310607761
✨ Following gut feelings... Tested: 100,000 | Rate: 608466/s | Key: 0x7b240a9d106a309c38bde47fe593691c98
✨ Following gut feelings... Tested: 110,000 | Rate: 609864/s | Key: 0x5f296dabf7d33087400280c2373cad548c
✨ Following gut feelings... Tested: 120,000 | Rate: 575874/s | Key: 0x6d26811e3331a986198909f4663ca60fdd
✨ Following gut feelings... Tested: 130,000 | Rate: 589785/s | Key: 0x5b0d1ef8ee0092539dfb160ace7bbd4d97
✨ Following gut feelings... Tested: 140,000 | Rate: 602271/s | Key: 0x5183a592b86a6cc2cc348d506f99e17c65
✨ Following gut feelings... Tested: 150,000 | Rate: 592728/s | Key: 0x797529abfdceb9cdd0297b26a5fba8af43
✨ Following gut feelings... Tested: 160,000 | Rate: 552649/s | Key: 0x4b46039e6a04590de3d9374981fbdd8575
✨ Following gut feelings... Tested: 170,000 | Rate: 542037/s | Key: 0x7b1fb6c4f746581bad34e0baf8c5566d95
✨ Following gut feelings... Tested: 180,000 | Rate: 545945/s | Key: 0x4cc5a275d27741d662440d08d3457209ae
✨ Following gut feelings... Tested: 190,000 | Rate: 549558/s | Key: 0x61e94582ab2cc4b19cde852d53fbdaffa9
✨ Following gut feelings... Tested: 200,000 | Rate: 552670/s | Key: 0x5229f4563d0b8186f6ce2ce62cbb556bdb
✨ Following gut feelings... Tested: 210,000 | Rate: 535508/s | Key: 0x6fd6539552dbabef72509673881625f174
✨ Following gut feelings... Tested: 220,000 | Rate: 555295/s | Key: 0x71ea99868b89fa537092de4bb963075de8
✨ Following gut feelings... Tested: 230,000 | Rate: 527220/s | Key: 0x4b7c092c1053e15a919abbcddd1dbca236
✨ Following gut feelings... Tested: 240,000 | Rate: 517114/s | Key: 0x5f2fdf930aa16b2bdee8b2514703857b28
✨ Following gut feelings... Tested: 250,000 | Rate: 516273/s | Key: 0x72351c88b437ce2488becf8fb858209686
✨ Following gut feelings... Tested: 260,000 | Rate: 529956/s | Key: 0x5506152103b259f06f2b67d709cb1dec0f
✨ Following gut feelings... Tested: 270,000 | Rate: 528401/s | Key: 0x6cdc5be27f53f51da4d7f77f53f86d645f
✨ Following gut feelings... Tested: 280,000 | Rate: 535253/s | Key: 0x6ca7ba3e56aacd3cca97810b6d37a3b6aa
✨ Following gut feelings... Tested: 290,000 | Rate: 541932/s | Key: 0x4caa12fc0a1a71449d75993b5863999ac8
✨ Following gut feelings... Tested: 300,000 | Rate: 548309/s | Key: 0x4c938a542a47a535e045f6fa89dbe84625
✨ Following gut feelings... Tested: 310,000 | Rate: 546618/s | Key: 0x5670a899c52b8a5723b28d70ca6b2efd39
✨ Following gut feelings... Tested: 320,000 | Rate: 558340/s | Key: 0x62d799f46d3f000845508e6eb3eddda6af
✨ Following gut feelings... Tested: 330,000 | Rate: 571788/s | Key: 0x6283fdd0f66745351353fc0de95bc2c4de
✨ Following gut feelings... Tested: 340,000 | Rate: 558902/s | Key: 0x401540bc905e4dd63bf208741104bb4b2e
✨ Following gut feelings... Tested: 350,000 | Rate: 556152/s | Key: 0x5116e073470833b8e4aa898f2c3d4c39f1
✨ Following gut feelings... Tested: 360,000 | Rate: 554384/s | Key: 0x631f2798199005c6595dd84e61bad6498a
✨ Following gut feelings... Tested: 370,000 | Rate: 556089/s | Key: 0x7cff3f4ef0a347856a4c7c132fdfa65066
✨ Following gut feelings... Tested: 380,000 | Rate: 554411/s | Key: 0x48bbca8393cfb9b55ccb5ab19ed85d052b
✨ Following gut feelings... Tested: 390,000 | Rate: 558360/s | Key: 0x71a04445bf90a172a91cc8ff0d17f961e0
✨ Following gut feelings... Tested: 400,000 | Rate: 563008/s | Key: 0x690d37c532ee1db2cb833e1c5025e52f13
✨ Following gut feelings... Tested: 410,000 | Rate: 561276/s | Key: 0x673c519dfab90d02cae861de999dc3b591
✨ Following gut feelings... Tested: 420,000 | Rate: 564390/s | Key: 0x5276a161b4aebcb1626228108ce74cab19
✨ Following gut feelings... Tested: 430,000 | Rate: 559776/s | Key: 0x71467f951150aeb240bf815d4975c3176d
✨ Following gut feelings... Tested: 440,000 | Rate: 566899/s | Key: 0x5104110cc2b73d90a1a2e8069863e974d5
✨ Following gut feelings... Tested: 450,000 | Rate: 573823/s | Key: 0x7c9deddc5e9d5232b50a6f1924790a3244
✨ Following gut feelings... Tested: 460,000 | Rate: 541549/s | Key: 0x43abafd0de5ae6c139a7b235e08572580d
✨ Following gut feelings... Tested: 470,000 | Rate: 535628/s | Key: 0x6c6bfb1ab3e65c6a347218e42c2f81beef
✨ Following gut feelings... Tested: 480,000 | Rate: 534809/s | Key: 0x6581f48bd1df130bbeef3bb804c2ccbc1f
✨ Following gut feelings... Tested: 490,000 | Rate: 527132/s | Key: 0x500fbe64bbfcbcf6c3133933c2db7ff0be
✨ Following gut feelings... Tested: 500,000 | Rate: 524032/s | Key: 0x733cc149f0479dc5b0c2e4277b566fbd89
✨ Following gut feelings... Tested: 510,000 | Rate: 522887/s | Key: 0x794b43c6006fe15785cf91f9a5e178ba6a
✨ Following gut feelings... Tested: 520,000 | Rate: 524291/s | Key: 0x7d647c204a90a902d76fadf9911af2b80a
✨ Following gut feelings... Tested: 530,000 | Rate: 525692/s | Key: 0x5f59da401d48cc780f43f18d48f699c034
✨ Following gut feelings... Tested: 540,000 | Rate: 526873/s | Key: 0x4d69c58aa3d237b747b36df6298cfae65f
✨ Following gut feelings... Tested: 550,000 | Rate: 532458/s | Key: 0x6d31383f471eac415479ca459068260368
✨ Following gut feelings... Tested: 560,000 | Rate: 529827/s | Key: 0x4c274e23621f76e8538d7b053c4961f497
✨ Following gut feelings... Tested: 570,000 | Rate: 535212/s | Key: 0x650b697eb07fa339aec2dab2bd804a82b6
✨ Following gut feelings... Tested: 580,000 | Rate: 536548/s | Key: 0x5ce0b8d0467941be18a207c6cc3963c0fc
✨ Following gut feelings... Tested: 590,000 | Rate: 533993/s | Key: 0x7696975d7f34a15b6130ee7dbb22df2fb5
✨ Following gut feelings... Tested: 600,000 | Rate: 535178/s | Key: 0x4f9c365b4ca54982c3bc61e726d79894e6
✨ Following gut feelings... Tested: 610,000 | Rate: 532283/s | Key: 0x763f3fb0a9bdb57b7c988ced3854dcc6a7
✨ Following gut feelings... Tested: 620,000 | Rate: 531727/s | Key: 0x74f3995258172ea6db965e7b49ad38775e
✨ Following gut feelings... Tested: 630,000 | Rate: 529399/s | Key: 0x43f6ac49b7e3a93554f388a72b2909e9a3
✨ Following gut feelings... Tested: 640,000 | Rate: 528910/s | Key: 0x4cc4d16b4aaef3c96dc64c4e5b98686cc1
✨ Following gut feelings... Tested: 650,000 | Rate: 531929/s | Key: 0x66498f6cc181e0253616f5a5bbf02585e6
✨ Following gut feelings... Tested: 660,000 | Rate: 537026/s | Key: 0x46fed91ba5b30ef698bf9ea5556aed920e
✨ Following gut feelings... Tested: 670,000 | Rate: 532940/s | Key: 0x514cec1bdbacd528ea828a0b326c24e3bc
✨ Following gut feelings... Tested: 680,000 | Rate: 519349/s | Key: 0x477781789f5cf0e057c31c5c3a750c6b2f
✨ Following gut feelings... Tested: 690,000 | Rate: 514412/s | Key: 0x59ecdf27d91468534508555547bcd58091
✨ Following gut feelings... Tested: 700,000 | Rate: 512681/s | Key: 0x48e389e495e42a331064cb2a403d7bf532
✨ Following gut feelings... Tested: 710,000 | Rate: 513674/s | Key: 0x63735b90c4b57ea207c6d9aa551c51b488
✨ Following gut feelings... Tested: 720,000 | Rate: 514623/s | Key: 0x61d8a469edfa5268e9320b3c328a40b75e
✨ Following gut feelings... Tested: 730,000 | Rate: 515840/s | Key: 0x6a8333d7ab2609d4a75909b7695c49e925
✨ Following gut feelings... Tested: 740,000 | Rate: 517055/s | Key: 0x596d9b69fe3b151d1ca659aa5bf62a793d
✨ Following gut feelings... Tested: 750,000 | Rate: 516825/s | Key: 0x665b7e1651a2db79556600257b67a5384e
✨ Following gut feelings... Tested: 760,000 | Rate: 519429/s | Key: 0x7feffc2c1e9946ba816fc7cf2eb3243c73
✨ Following gut feelings... Tested: 770,000 | Rate: 519272/s | Key: 0x69223edec4739f9c8a29bfe55e9543d1ce
✨ Following gut feelings... Tested: 780,000 | Rate: 519000/s | Key: 0x455d33059771d878b2f5aeb7d4c0b4bbbb
✨ Following gut feelings... Tested: 790,000 | Rate: 517382/s | Key: 0x699351b8c2a81d756752f598addc638949
✨ Following gut feelings... Tested: 800,000 | Rate: 518491/s | Key: 0x54f243d3ddc5e81781a95cadeab45ae5e5
✨ Following gut feelings... Tested: 810,000 | Rate: 519025/s | Key: 0x4684a4b95310b95e017d09b5c6ecdb9f0f
✨ Following gut feelings... Tested: 820,000 | Rate: 524085/s | Key: 0x71132a62122e8a3759681e9a2f6110752a
✨ Following gut feelings... Tested: 830,000 | Rate: 523782/s | Key: 0x43a3c38b9841e4586ca4cd6d89a6ae0f43
✨ Following gut feelings... Tested: 840,000 | Rate: 523472/s | Key: 0x4245f5c05d9439fb2bc68d261d0b877b81
✨ Following gut feelings... Tested: 850,000 | Rate: 523172/s | Key: 0x69bf535dd81fdc895cb3b894de5b91d482
✨ Following gut feelings... Tested: 860,000 | Rate: 521617/s | Key: 0x7a5a5a496914e74dd8c991512026c39a03
✨ Following gut feelings... Tested: 870,000 | Rate: 522600/s | Key: 0x5a68788bd0d4b49c5ec1b74d85ab9ed8a5
✨ Following gut feelings... Tested: 880,000 | Rate: 523568/s | Key: 0x564e9f099d1c5a85bc2ad98e47b6550ff6
✨ Following gut feelings... Tested: 890,000 | Rate: 516831/s | Key: 0x64b65e9210df3a9d9b37c0759fefd98a9a
✨ Following gut feelings... Tested: 900,000 | Rate: 513099/s | Key: 0x441d1c9c99dca644471f729b3cb63efa6e
✨ Following gut feelings... Tested: 910,000 | Rate: 512937/s | Key: 0x7cb886bcf21e4123794cb8d943fe175b09
✨ Following gut feelings... Tested: 920,000 | Rate: 510714/s | Key: 0x684ba9ba32dcacb060055f57f1a1d6d0f6
✨ Following gut feelings... Tested: 930,000 | Rate: 510568/s | Key: 0x7911e39e7d90bf4025fe63344bee12a142
✨ Following gut feelings... Tested: 940,000 | Rate: 510359/s | Key: 0x580a80aea625f77497b85dc5f9005e2382
✨ Following gut feelings... Tested: 950,000 | Rate: 510242/s | Key: 0x63fc31c78478e3dba44efa54e850234920
✨ Following gut feelings... Tested: 960,000 | Rate: 511215/s | Key: 0x695761f861f8120235c99e8f72f935ec0d
✨ Following gut feelings... Tested: 970,000 | Rate: 512963/s | Key: 0x5de57d72222048599fd229b4f1effd71cb
✨ Following gut feelings... Tested: 980,000 | Rate: 513857/s | Key: 0x5e069e15e515e4f94dbc745558a71ce8fd
✨ Following gut feelings... Tested: 990,000 | Rate: 513716/s | Key: 0x605006c45ac77624ded4776394ac752edb
✨ Following gut feelings... Tested: 1,000,000 | Rate: 514638/s | Key: 0x55986bef232f1ea0638caccfed980d0b8f
✨ Following gut feelings... Tested: 1,010,000 | Rate: 517658/s | Key: 0x5d3a16688bfedd655055ab0bd3be2b8f90
✨ Following gut feelings... Tested: 1,020,000 | Rate: 517481/s | Key: 0x406718e127644b5c3b84a1fbf6f3647b9b
✨ Following gut feelings... Tested: 1,030,000 | Rate: 516384/s | Key: 0x4008b69643fba4d65531d7e5f74b4446f1
✨ Following gut feelings... Tested: 1,040,000 | Rate: 515129/s | Key: 0x5310327824a6a7a2fc5ed1af593aac7d1b
✨ Following gut feelings... Tested: 1,050,000 | Rate: 514489/s | Key: 0x5ea6a55f040ffb1a1ae23036e53bfae9d5
✨ Following gut feelings... Tested: 1,060,000 | Rate: 518371/s | Key: 0x67f7783c7b6b99c551a119df974d140bc3
✨ Following gut feelings... Tested: 1,070,000 | Rate: 514702/s | Key: 0x5b6cd9a2c622dd0193be244b68e5055a99
✨ Following gut feelings... Tested: 1,080,000 | Rate: 516529/s | Key: 0x4e36471a5922166dc70a418f5ac0fca2ee
✨ Following gut feelings... Tested: 1,090,000 | Rate: 519319/s | Key: 0x7aa387e0ba1c711449d11689fad51b71e9
✨ Following gut feelings... Tested: 1,100,000 | Rate: 517939/s | Key: 0x5c4f5e35c46ffe9fb864cf9d68a20d2e73
✨ Following gut feelings... Tested: 1,110,000 | Rate: 513926/s | Key: 0x622f8db9cd06259d3f57b1c25823d7c507
✨ Following gut feelings... Tested: 1,120,000 | Rate: 510034/s | Key: 0x60f8bbd4ba4b3a2e29484cc0e970d4c304
✨ Following gut feelings... Tested: 1,130,000 | Rate: 508097/s | Key: 0x6b85a06becf13f80ee5c6607c716a7f3fb
✨ Following gut feelings... Tested: 1,140,000 | Rate: 508730/s | Key: 0x4ff503445d9a4c1ebc1b70affac344df38
✨ Following gut feelings... Tested: 1,150,000 | Rate: 507744/s | Key: 0x724be824e164d0ce5bf6f62dbd53dbbaa9
✨ Following gut feelings... Tested: 1,160,000 | Rate: 504848/s | Key: 0x41063b8477f24380c38280b69198468b4b
✨ Following gut feelings... Tested: 1,170,000 | Rate: 507009/s | Key: 0x61a5c434db839afd138990e80791f8f30a
✨ Following gut feelings... Tested: 1,180,000 | Rate: 508562/s | Key: 0x7ee8829b1c91467401b87d65d33af3bdf5
✨ Following gut feelings... Tested: 1,190,000 | Rate: 507263/s | Key: 0x5001e441d20d8411379ea628ace5a831bb
✨ Following gut feelings... Tested: 1,200,000 | Rate: 508377/s | Key: 0x5ae3bcc9858fd6eb97e3d4e1d5eb659dea
✨ Following gut feelings... Tested: 1,210,000 | Rate: 511746/s | Key: 0x680972c75b6e766c8d8603f238d7a39e3f
✨ Following gut feelings... Tested: 1,220,000 | Rate: 511643/s | Key: 0x487f46c724d5f1b97cd70aff7c9c8063b9
✨ Following gut feelings... Tested: 1,230,000 | Rate: 513259/s | Key: 0x6520c6be5785218522c2ed675e7b3e45f8
✨ Following gut feelings... Tested: 1,240,000 | Rate: 514000/s | Key: 0x45d4321533fffd2d16c9558a4eb2883c82
✨ Following gut feelings... Tested: 1,250,000 | Rate: 514726/s | Key: 0x60bc80ea98f522123ec134e281bd610355
✨ Following gut feelings... Tested: 1,260,000 | Rate: 514605/s | Key: 0x649e0fd9f4f47678134f891cda59b99336
✨ Following gut feelings... Tested: 1,270,000 | Rate: 514487/s | Key: 0x7449f0188bc9153437277cce9db3086fbb
✨ Following gut feelings... Tested: 1,280,000 | Rate: 515201/s | Key: 0x6152599fc5627d43455beb91973f61d7a1
✨ Following gut feelings... Tested: 1,290,000 | Rate: 513437/s | Key: 0x4045bc4e999b2ebec53ce456db9c8bc048
✨ Following gut feelings... Tested: 1,300,000 | Rate: 514133/s | Key: 0x76c9b8d54921ba69322841b8296ab9e8f5
✨ Following gut feelings... Tested: 1,310,000 | Rate: 514832/s | Key: 0x4e457b591554273c9146f236886ca907bc
✨ Following gut feelings... Tested: 1,320,000 | Rate: 512416/s | Key: 0x4b59978e506d55f45b25bc89bc6da31a47
✨ Following gut feelings... Tested: 1,330,000 | Rate: 512303/s | Key: 0x71bd6a1cf7311f4422394c2a9c72e36c8f
✨ Following gut feelings... Tested: 1,340,000 | Rate: 509868/s | Key: 0x5c28517f074f228c565bdc8feb0d724013
✨ Following gut feelings... Tested: 1,350,000 | Rate: 505484/s | Key: 0x6c915b1038f80b1f228d9c374a4aa1573c
✨ Following gut feelings... Tested: 1,360,000 | Rate: 503799/s | Key: 0x58af3479f4b9d37c6447148504854b4d89
✨ Following gut feelings... Tested: 1,370,000 | Rate: 503010/s | Key: 0x4f81ed48cdabff4c1da9d6b9cdf0230f88
✨ Following gut feelings... Tested: 1,380,000 | Rate: 503702/s | Key: 0x758231547ddbe1fc370a25036397a12b1d
✨ Following gut feelings... Tested: 1,390,000 | Rate: 504220/s | Key: 0x63d231595fb58ec781c011173670872dc4
✨ Following gut feelings... Tested: 1,400,000 | Rate: 504917/s | Key: 0x7ea5f82f2bebffed367b31f5cf1fd26e1f
✨ Following gut feelings... Tested: 1,410,000 | Rate: 505600/s | Key: 0x4738feda205cf4d8822ebd36634b66eef6
✨ Following gut feelings... Tested: 1,420,000 | Rate: 506277/s | Key: 0x69411ec093eae6075e6bb69dada70f5e6b
✨ Following gut feelings... Tested: 1,430,000 | Rate: 506955/s | Key: 0x79b1517951745cf698f655afd10aba233d
✨ Following gut feelings... Tested: 1,440,000 | Rate: 507619/s | Key: 0x4acaeb6b549d90b6b903203153a8f0ef3a
✨ Following gut feelings... Tested: 1,450,000 | Rate: 508283/s | Key: 0x4ce72bdd0dd4ffdc07617920677506aa5c
✨ Following gut feelings... Tested: 1,460,000 | Rate: 509652/s | Key: 0x4778923ffa241cc4f544e33b67ac8b1be5
✨ Following gut feelings... Tested: 1,470,000 | Rate: 507963/s | Key: 0x5c3b08a507cba2365120d090bf8bd9e47e
✨ Following gut feelings... Tested: 1,480,000 | Rate: 507361/s | Key: 0x647b8cac1d3f56c61af269ebf1066f45ca
✨ Following gut feelings... Tested: 1,490,000 | Rate: 510087/s | Key: 0x4a8ebf4fafae7f8bf4ad3d770d8750e748
✨ Following gut feelings... Tested: 1,500,000 | Rate: 510025/s | Key: 0x491af9a1e3242d3f0c73b6efbb60510c32
✨ Following gut feelings... Tested: 1,510,000 | Rate: 509273/s | Key: 0x794566de28d73b2638df4670479bc26e99
✨ Following gut feelings... Tested: 1,520,000 | Rate: 509196/s | Key: 0x4911722b7999e3c12bc5f3c51a4cd75e30
✨ Following gut feelings... Tested: 1,530,000 | Rate: 509471/s | Key: 0x56e444b01c01ca2d05605db661695cf368
✨ Following gut feelings... Tested: 1,540,000 | Rate: 506699/s | Key: 0x54f6d6a4857905ddde9877054ca4b06100
✨ Following gut feelings... Tested: 1,550,000 | Rate: 504217/s | Key: 0x4bb9572b2f31dcd25ea343d57e84e0e050
✨ Following gut feelings... Tested: 1,560,000 | Rate: 500666/s | Key: 0x795e8bc3fe45c604a8efe477f9376d9824
✨ Following gut feelings... Tested: 1,570,000 | Rate: 499137/s | Key: 0x4bc0a6c665e0276c78f07d0c269c42ea13
✨ Following gut feelings... Tested: 1,580,000 | Rate: 499890/s | Key: 0x58fbfe2b084986e8f7c04a0207b9c944ce
✨ Following gut feelings... Tested: 1,590,000 | Rate: 500852/s | Key: 0x55e178adf923d2f6d15ffaf16825556f04
✨ Following gut feelings... Tested: 1,600,000 | Rate: 501574/s | Key: 0x4b06696df11ef8eb7d5d4510b238719398
✨ Following gut feelings... Tested: 1,610,000 | Rate: 502802/s | Key: 0x5c910241683a9a39fffa47ee395318ba06
✨ Following gut feelings... Tested: 1,620,000 | Rate: 504658/s | Key: 0x57c3e77404b54a3742185cbd4e2cf20b0e
✨ Following gut feelings... Tested: 1,630,000 | Rate: 505723/s | Key: 0x409bfbd7e16b497732605924b1674f2755
✨ Following gut feelings... Tested: 1,640,000 | Rate: 506942/s | Key: 0x7db8a04396e726915f81d50ab9950be8bb
✨ Following gut feelings... Tested: 1,650,000 | Rate: 507517/s | Key: 0x45622518d149b6f3809d0a194e46a75b3a
✨ Following gut feelings... Tested: 1,660,000 | Rate: 507475/s | Key: 0x5fe57061351894d6b1a624f846c480f915
✨ Following gut feelings... Tested: 1,670,000 | Rate: 508052/s | Key: 0x72b2dbddd31792106e3e0c9a5b0a5d4753
✨ Following gut feelings... Tested: 1,680,000 | Rate: 509233/s | Key: 0x60b7cd5e60143006682c12eabe9f8cb355
✨ Following gut feelings... Tested: 1,690,000 | Rate: 509179/s | Key: 0x60b3ab6dfa35bca39a9e23168602addac1
✨ Following gut feelings... Tested: 1,700,000 | Rate: 508498/s | Key: 0x6592b4c25d42fcde779f98171afdfecc55
✨ Following gut feelings... Tested: 1,710,000 | Rate: 507842/s | Key: 0x711c121cef6c88adabbbd52471212fc098
✨ Following gut feelings... Tested: 1,720,000 | Rate: 507793/s | Key: 0x4d9299fcbbb01cd929e23458c8a289d73c
✨ Following gut feelings... Tested: 1,730,000 | Rate: 507609/s | Key: 0x6a826aa7801206fbd866ea1b5779f02a73
✨ Following gut feelings... Tested: 1,740,000 | Rate: 507551/s | Key: 0x5329360e4f8e7d6fbf03daf1dc067a80b4
✨ Following gut feelings... Tested: 1,750,000 | Rate: 507505/s | Key: 0x725e4062492cd439c6f6f72aa704232e1a
✨ Following gut feelings... Tested: 1,760,000 | Rate: 507458/s | Key: 0x4f4a2aa6dfb064ac866e4ebeab30dbcb8a
✨ Following gut feelings... Tested: 1,770,000 | Rate: 507391/s | Key: 0x6fccbe702bbfa8284abe75303da4e3877b
✨ Following gut feelings... Tested: 1,780,000 | Rate: 505006/s | Key: 0x7ca830ddab9140454a018a2cbcd659e0fc
✨ Following gut feelings... Tested: 1,790,000 | Rate: 502714/s | Key: 0x5b044b7c53c6e02fc4a359b6a4749b2ca7
✨ Following gut feelings... Tested: 1,800,000 | Rate: 501016/s | Key: 0x4784dedbdd47a5589584ec83b3526d3e20
✨ Following gut feelings... Tested: 1,810,000 | Rate: 499721/s | Key: 0x7d3f8212c1ba30bb1ae2be29ae162966d0
✨ Following gut feelings... Tested: 1,820,000 | Rate: 501063/s | Key: 0x7189862b30d69f1a2bb309e587b01503fc
✨ Following gut feelings... Tested: 1,830,000 | Rate: 501551/s | Key: 0x6eaaafd9fa476f5bcebd319e403bd30959
✨ Following gut feelings... Tested: 1,840,000 | Rate: 502630/s | Key: 0x695ea3cafc472036ff33741aee7748ea74
✨ Following gut feelings... Tested: 1,850,000 | Rate: 503710/s | Key: 0x7da9162882a0fe36085bf84264c250347c
✨ Following gut feelings... Tested: 1,860,000 | Rate: 504783/s | Key: 0x69b6dc871c40ec83c439e33421b2186fb6
✨ Following gut feelings... Tested: 1,870,000 | Rate: 504608/s | Key: 0x4709ba2ae5066f8521215a75d4f51e94ec
✨ Following gut feelings... Tested: 1,880,000 | Rate: 505235/s | Key: 0x7a8ebfadd78498ac051faed468f6513cc7
✨ Following gut feelings... Tested: 1,890,000 | Rate: 507376/s | Key: 0x52c01d06ed630ced9ed7b905819d447205
✨ Following gut feelings... Tested: 1,900,000 | Rate: 506794/s | Key: 0x5a3783ef847123bbc021a1cb9968f7a321
✨ Following gut feelings... Tested: 1,910,000 | Rate: 506721/s | Key: 0x42948ec5aa8098f048ea7319f01e777476
✨ Following gut feelings... Tested: 1,920,000 | Rate: 507211/s | Key: 0x5cee6f3ff6c1087d60898f3c20720c5036
✨ Following gut feelings... Tested: 1,930,000 | Rate: 507512/s | Key: 0x77073be84a528f4c0eec9971f692b4874d
✨ Following gut feelings... Tested: 1,940,000 | Rate: 508535/s | Key: 0x6606fd264d94f3535cbd421e3bc152f534
✨ Following gut feelings... Tested: 1,950,000 | Rate: 508487/s | Key: 0x7128463f6b7aca17d19a2db051c3854cde
✨ Following gut feelings... Tested: 1,960,000 | Rate: 507978/s | Key: 0x4a809edcf16672a02ffd44e5456c9fcdfd
✨ Following gut feelings... Tested: 1,970,000 | Rate: 508460/s | Key: 0x78c18128c5773e04980ce519dd5dcbc702
✨ Following gut feelings... Tested: 1,980,000 | Rate: 508934/s | Key: 0x505e10bb53bf9f3f7b4e24c9e41febd3af
✨ Following gut feelings... Tested: 1,990,000 | Rate: 509408/s | Key: 0x6805af5034b49f159c413254869111e204
✨ Following gut feelings... Tested: 2,000,000 | Rate: 510074/s | Key: 0x47c2ec95fe80ae430ee0afc53ad086b7a2
✨ Following gut feelings... Tested: 2,010,000 | Rate: 505226/s | Key: 0x40ba80cf57841dba76ca7f1901d741c44c
✨ Following gut feelings... Tested: 2,020,000 | Rate: 503585/s | Key: 0x6e87de0b1ac5f9c4bb341555741571386d
✨ Following gut feelings... Tested: 2,030,000 | Rate: 504055/s | Key: 0x6af09aa2990acd412814b4a6a857b27c36
✨ Following gut feelings... Tested: 2,040,000 | Rate: 502954/s | Key: 0x6eeae55a5b50734878d5eacf16303d1971
✨ Following gut feelings... Tested: 2,050,000 | Rate: 503163/s | Key: 0x657a8936bb050ef5258dce59617e6aac7d
✨ Following gut feelings... Tested: 2,060,000 | Rate: 502154/s | Key: 0x70efa7fd2d055600832f71f00577e27d2e
✨ Following gut feelings... Tested: 2,070,000 | Rate: 502628/s | Key: 0x548474619141d7873553911c102fa58f40
✨ Following gut feelings... Tested: 2,080,000 | Rate: 503094/s | Key: 0x774754887c9c6803ec2da388d66f6d5994
✨ Following gut feelings... Tested: 2,090,000 | Rate: 503679/s | Key: 0x7b3cc14608ba73dfe799ca393df7fd39bc
✨ Following gut feelings... Tested: 2,100,000 | Rate: 504143/s | Key: 0x568e1de7678cd67bb51b153a0586820633
✨ Following gut feelings... Tested: 2,110,000 | Rate: 504608/s | Key: 0x72df88e65a1e1d29d93beaa3340069b0eb
✨ Following gut feelings... Tested: 2,120,000 | Rate: 504589/s | Key: 0x71696fb59540052910c5dc208a62ab32d1
✨ Following gut feelings... Tested: 2,130,000 | Rate: 504564/s | Key: 0x71a94ce85f0b42e70ce6d5e42bd5bd77eb
✨ Following gut feelings... Tested: 2,140,000 | Rate: 504542/s | Key: 0x7e2ef59e585e20f390a4b63f1c0f65c2a8
✨ Following gut feelings... Tested: 2,150,000 | Rate: 504470/s | Key: 0x7e210816bbaf529aeba4ea8b4200de4158
✨ Following gut feelings... Tested: 2,160,000 | Rate: 504446/s | Key: 0x7943e64141e9a1b4c052a271b2cc284556
✨ Following gut feelings... Tested: 2,170,000 | Rate: 504866/s | Key: 0x5b170c95336458eafa9be5839454b70278
✨ Following gut feelings... Tested: 2,180,000 | Rate: 504842/s | Key: 0x43a600d87a6fc744d2cfcd21ef2fc443a7
✨ Following gut feelings... Tested: 2,190,000 | Rate: 504819/s | Key: 0x566ee0dc8de1846892ce47d0d0d3d29025
✨ Following gut feelings... Tested: 2,200,000 | Rate: 504779/s | Key: 0x590952a82c4aa17ed3f7d91454be38a419
✨ Following gut feelings... Tested: 2,210,000 | Rate: 504297/s | Key: 0x66c432bc4d29711343da7c4b25d53e0379
✨ Following gut feelings... Tested: 2,220,000 | Rate: 501535/s | Key: 0x4b2002fb4be21bcf98932c3d7e000b613b
✨ Following gut feelings... Tested: 2,230,000 | Rate: 499828/s | Key: 0x6626e76183b6a80cf1952a7879cd55b02a
✨ Following gut feelings... Tested: 2,240,000 | Rate: 498467/s | Key: 0x44f2f7e67787ed426eb0ccd63be857b1b9
✨ Following gut feelings... Tested: 2,250,000 | Rate: 498022/s | Key: 0x6ef46462a8050ca26d0979d14c40bac1e4
✨ Following gut feelings... Tested: 2,260,000 | Rate: 498460/s | Key: 0x7e0b561c1f1a25af81c12d383301582f69
✨ Following gut feelings... Tested: 2,270,000 | Rate: 498904/s | Key: 0x7f411c4d905280fd81d538a02835d54ec6
✨ Following gut feelings... Tested: 2,280,000 | Rate: 499338/s | Key: 0x5b63ae9afd03953c69ea27aea91a79162d
✨ Following gut feelings... Tested: 2,290,000 | Rate: 499773/s | Key: 0x451e96658ddaebd08272f0cf7d630c893b
✨ Following gut feelings... Tested: 2,300,000 | Rate: 500210/s | Key: 0x5a114fe78b350b064af8854fcb870b8457
✨ Following gut feelings... Tested: 2,310,000 | Rate: 500646/s | Key: 0x5677e5ad895c260404706bf2c1b46d5ddf
✨ Following gut feelings... Tested: 2,320,000 | Rate: 501076/s | Key: 0x4b16d9e9a64f8fd11d0b4c60640962db28
✨ Following gut feelings... Tested: 2,330,000 | Rate: 501501/s | Key: 0x4d8a559061431facc66a7fd8beaa44c404
✨ Following gut feelings... Tested: 2,340,000 | Rate: 501889/s | Key: 0x77e5359e5396f58cc8da53eaa239b22195
✨ Following gut feelings... Tested: 2,350,000 | Rate: 501884/s | Key: 0x7103256a148d955a5c3cab3283ae7b65a6
✨ Following gut feelings... Tested: 2,360,000 | Rate: 501877/s | Key: 0x64abe8ed4a121d2aa77662284098e537a8
✨ Following gut feelings... Tested: 2,370,000 | Rate: 502202/s | Key: 0x7faab83afddd2c9251c6d0cf6b44f705ac
✨ Following gut feelings... Tested: 2,380,000 | Rate: 502171/s | Key: 0x5030d80ee9f04c177d4e91bf3f3c3308e1
✨ Following gut feelings... Tested: 2,390,000 | Rate: 501739/s | Key: 0x4464332846bfec1660fc67e90edd3e0134
✨ Following gut feelings... Tested: 2,400,000 | Rate: 502016/s | Key: 0x551b9d9f9214778d880c19bcc09af5c123
✨ Following gut feelings... Tested: 2,410,000 | Rate: 502007/s | Key: 0x43695b6232b0a4facc31fe59189c2a222b
✨ Following gut feelings... Tested: 2,420,000 | Rate: 502409/s | Key: 0x7049cfdd3b07d71510ac63ddc3203f434b
✨ Following gut feelings... Tested: 2,430,000 | Rate: 500437/s | Key: 0x67078f6a2bcd137ebcc399f1b56a62b769
✨ Following gut feelings... Tested: 2,440,000 | Rate: 499636/s | Key: 0x71a520e9c88d9e2bb22fa52ce73899f5a2
✨ Following gut feelings... Tested: 2,450,000 | Rate: 499630/s | Key: 0x56fc63c211d79584b569152e6721bad8cd
✨ Following gut feelings... Tested: 2,460,000 | Rate: 498003/s | Key: 0x4e3f92942d78b4335d65055541b31b134c
✨ Following gut feelings... Tested: 2,470,000 | Rate: 497505/s | Key: 0x5298c59636e568e39cd9ffacad5a9d9382
✨ Following gut feelings... Tested: 2,480,000 | Rate: 497619/s | Key: 0x6e0f11a798a8de8a096622c23a5f97b1fa
✨ Following gut feelings... Tested: 2,490,000 | Rate: 495852/s | Key: 0x555de72fb0249b5d87b729a45542819b3f
✨ Following gut feelings... Tested: 2,500,000 | Rate: 496258/s | Key: 0x51099a9cb3a2471878f4375947d9879912
✨ Following gut feelings... Tested: 2,510,000 | Rate: 496272/s | Key: 0x4166a936fdd672fe5faa5f53ea580e766d
✨ Following gut feelings... Tested: 2,520,000 | Rate: 496273/s | Key: 0x7358f4dc2dc5bf35b0aa0d0ad05a68d758
✨ Following gut feelings... Tested: 2,530,000 | Rate: 496569/s | Key: 0x6b54f287e0a45bb6310ae7dc65b05f70ac
✨ Following gut feelings... Tested: 2,540,000 | Rate: 496950/s | Key: 0x6240d2248427afd12fc8a0039dafb11e3e
✨ Following gut feelings... Tested: 2,550,000 | Rate: 496576/s | Key: 0x7e5eb8b8a122d65c63a26eb496b9c3a1b8
✨ Following gut feelings... Tested: 2,560,000 | Rate: 496864/s | Key: 0x68f29055acb458aabad538a784bd367635
✨ Following gut feelings... Tested: 2,570,000 | Rate: 496877/s | Key: 0x7805046e5f8f0b8fe2e0bb03045ac9dc86
✨ Following gut feelings... Tested: 2,580,000 | Rate: 496348/s | Key: 0x54e6a8a23810a94d811d0733385cc6c72e
✨ Following gut feelings... Tested: 2,590,000 | Rate: 496437/s | Key: 0x7ecaff678e957d40d38cf42ad3d48c233f
✨ Following gut feelings... Tested: 2,600,000 | Rate: 497975/s | Key: 0x61f4903a89095f87454d92eeaf0d3dd9e8
✨ Following gut feelings... Tested: 2,610,000 | Rate: 496845/s | Key: 0x4c2bdd60c6ef66253ca3a1d99749e8beac
✨ Following gut feelings... Tested: 2,620,000 | Rate: 497609/s | Key: 0x7d6fdc929574664484e218906a24673c6c
✨ Following gut feelings... Tested: 2,630,000 | Rate: 494171/s | Key: 0x72dfc9993a78b279ccb81479819c97e317
✨ Following gut feelings... Tested: 2,640,000 | Rate: 493361/s | Key: 0x6504340e202d46c5de7111d2c27881cdc9
✨ Following gut feelings... Tested: 2,650,000 | Rate: 492732/s | Key: 0x6f581673f0af9638d447913327d37dca51
✨ Following gut feelings... Tested: 2,660,000 | Rate: 491664/s | Key: 0x4004200d3e42d61734fdade74cb6445458
✨ Following gut feelings... Tested: 2,670,000 | Rate: 492027/s | Key: 0x6f4f70bfab9ee83d98ecafc2ff46fc42c7
✨ Following gut feelings... Tested: 2,680,000 | Rate: 490960/s | Key: 0x7d9d3fba7e0f22bebd9635a4c028e365b1
✨ Following gut feelings... Tested: 2,690,000 | Rate: 490989/s | Key: 0x7da6477351c7eb63ea34b2562b0bb55bd3
✨ Following gut feelings... Tested: 2,700,000 | Rate: 491292/s | Key: 0x6437c22a9180029b9bfd2fa2e242aae5e0
✨ Following gut feelings... Tested: 2,710,000 | Rate: 492036/s | Key: 0x57d1cf9c5b62000da230b950ea6296b805
✨ Following gut feelings... Tested: 2,720,000 | Rate: 492422/s | Key: 0x6d23ad234a5fb514f9d0e33eb4d3d84936
✨ Following gut feelings... Tested: 2,730,000 | Rate: 492804/s | Key: 0x540144cdf986d1755071f7b154e89f0267
✨ Following gut feelings... Tested: 2,740,000 | Rate: 493185/s | Key: 0x69e1c82b34409531ebc1e24b0f2142fcac
✨ Following gut feelings... Tested: 2,750,000 | Rate: 493562/s | Key: 0x7043f83425a420bf73d377faed1f8e85ca
✨ Following gut feelings... Tested: 2,760,000 | Rate: 493937/s | Key: 0x4bb5aaf6de264046c99c9945d45d018576
✨ Following gut feelings... Tested: 2,770,000 | Rate: 494311/s | Key: 0x6b88963e8b9d1782a6100d246abcbc652f
✨ Following gut feelings... Tested: 2,780,000 | Rate: 494775/s | Key: 0x44b92ab43c1c95ec76c974ea6950522f04
✨ Following gut feelings... Tested: 2,790,000 | Rate: 494174/s | Key: 0x6b09b018a7758035c5294a38cac8c92770
✨ Following gut feelings... Tested: 2,800,000 | Rate: 494513/s | Key: 0x73440ff73e3578ea202c9bb587f19a2740
✨ Following gut feelings... Tested: 2,810,000 | Rate: 495921/s | Key: 0x5f5b55adee8353f685d2aceb3479b14577
✨ Following gut feelings... Tested: 2,820,000 | Rate: 495482/s | Key: 0x7c7a4c0f3d79d4773063cb98559fd05f64
✨ Following gut feelings... Tested: 2,830,000 | Rate: 494451/s | Key: 0x729407df4359b4fd7a30a4dfd5e3cedd0c
✨ Following gut feelings... Tested: 2,840,000 | Rate: 494024/s | Key: 0x4ab36d0647b7ff4ffb24f2b5278176068c
✨ Following gut feelings... Tested: 2,850,000 | Rate: 492759/s | Key: 0x6791f73e9ba1d0c21aef1b6f410fb33bca
✨ Following gut feelings... Tested: 2,860,000 | Rate: 493800/s | Key: 0x46fe27d09e6237a0d86d4589d73d377a09
✨ Following gut feelings... Tested: 2,870,000 | Rate: 493816/s | Key: 0x548ff080865cbdc2978869f7ae20258e6f
✨ Following gut feelings... Tested: 2,880,000 | Rate: 493865/s | Key: 0x562eadbb70e4f7b4b4b06a73ab98d1a0ad
✨ Following gut feelings... Tested: 2,890,000 | Rate: 494507/s | Key: 0x6d054dbe04d0b67c1b7c51b6401aa17420
✨ Following gut feelings... Tested: 2,900,000 | Rate: 494863/s | Key: 0x6f33fa78fadead0416d68e0dc7b6993081
✨ Following gut feelings... Tested: 2,910,000 | Rate: 495215/s | Key: 0x4d4d2c15272a8f178a43c462612ffe5b6e
✨ Following gut feelings... Tested: 2,920,000 | Rate: 495482/s | Key: 0x5ad7dfd3c3f49157854bd9aea62d638017
✨ Following gut feelings... Tested: 2,930,000 | Rate: 495365/s | Key: 0x48389d88bd9494dcef03ca55c1f969ffdf
✨ Following gut feelings... Tested: 2,940,000 | Rate: 495045/s | Key: 0x7726ee5012e580aeed51a6ca90c7ac7b21
✨ Following gut feelings... Tested: 2,950,000 | Rate: 495059/s | Key: 0x6b141b3e49e5549365ef4548c821e79b6d
✨ Following gut feelings... Tested: 2,960,000 | Rate: 495072/s | Key: 0x7b1d841d473ef57fcaae731969b453261a
✨ Following gut feelings... Tested: 2,970,000 | Rate: 495481/s | Key: 0x7c9751a3c27ae07e39d04bfed4eff9759b
✨ Following gut feelings... Tested: 2,980,000 | Rate: 496238/s | Key: 0x53312d13ae7a4562745ab6168b3bd585a8
✨ Following gut feelings... Tested: 2,990,000 | Rate: 494601/s | Key: 0x49c24939f634b7282e180161d853306933
✨ Following gut feelings... Tested: 3,000,000 | Rate: 494617/s | Key: 0x7a1d6b2d21a7ecc7d23074ad6df04143c5
✨ Following gut feelings... Tested: 3,010,000 | Rate: 494627/s | Key: 0x718e9577a663d54a49e06ba7895d153bbc
✨ Following gut feelings... Tested: 3,020,000 | Rate: 495566/s | Key: 0x43eb208c7c369db8dc37af00c63cbda696
✨ Following gut feelings... Tested: 3,030,000 | Rate: 494745/s | Key: 0x5efc794918c3f8f494e6cecc8582d6a424
✨ Following gut feelings... Tested: 3,040,000 | Rate: 496052/s | Key: 0x44d52b08ad10ff0817920cb1a7a1aa459f
✨ Following gut feelings... Tested: 3,050,000 | Rate: 495571/s | Key: 0x4ea08210c20a63471068294f40588edea8
✨ Following gut feelings... Tested: 3,060,000 | Rate: 494239/s | Key: 0x7d174fdd658719430ffbaf436518c27313
✨ Following gut feelings... Tested: 3,070,000 | Rate: 493919/s | Key: 0x7a635790c22f012905b1fae44f48b77eea
✨ Following gut feelings... Tested: 3,080,000 | Rate: 493267/s | Key: 0x772bd7c0f83561913166a2c43debcbd639
✨ Following gut feelings... Tested: 3,090,000 | Rate: 492651/s | Key: 0x6457357e22b18d4c52a4d633c8c7266f1d
✨ Following gut feelings... Tested: 3,100,000 | Rate: 491854/s | Key: 0x51ed0f877a94c9d4f5f11322a0b9732b6c
✨ Following gut feelings... Tested: 3,110,000 | Rate: 492495/s | Key: 0x62905ec1b91200af1a993438700715ba7b
✨ Following gut feelings... Tested: 3,120,000 | Rate: 493139/s | Key: 0x40d8cdb6d190bd93c279a9eb046f36d1b0
✨ Following gut feelings... Tested: 3,130,000 | Rate: 493782/s | Key: 0x716adb4c8e1dde6abae755b855c9cc87a3
✨ Following gut feelings... Tested: 3,140,000 | Rate: 494423/s | Key: 0x721f2aea1f188a44e680bf853abbc1a9e2
✨ Following gut feelings... Tested: 3,150,000 | Rate: 495060/s | Key: 0x50c4e099d8407b518d73700048ec821425
✨ Following gut feelings... Tested: 3,160,000 | Rate: 495699/s | Key: 0x6bf44563715db8c51c5bce8d657ef4f29d
✨ Following gut feelings... Tested: 3,170,000 | Rate: 496334/s | Key: 0x62a02f29e9ba466951c5784c81dbab2e0b
✨ Following gut feelings... Tested: 3,180,000 | Rate: 496956/s | Key: 0x63a429062eb3161371d51b55e7ba0c0952
✨ Following gut feelings... Tested: 3,190,000 | Rate: 497583/s | Key: 0x6b4f43e8a711aa37c5c8d2f90224fc65bf
✨ Following gut feelings... Tested: 3,200,000 | Rate: 497898/s | Key: 0x5ad67de8584570276126bad9ae7a0be9bb
✨ Following gut feelings... Tested: 3,210,000 | Rate: 498204/s | Key: 0x6c302c2bcf3a609119722e99b14c0196a4
✨ Following gut feelings... Tested: 3,220,000 | Rate: 498516/s | Key: 0x728596e4e21e49dfbc757d0e3d7acc85ae
✨ Following gut feelings... Tested: 3,230,000 | Rate: 498829/s | Key: 0x53c12db4ed144da88ac3c361d45015fd9b
✨ Following gut feelings... Tested: 3,240,000 | Rate: 499140/s | Key: 0x45ae873ce71d5a04d888386105769549d2
✨ Following gut feelings... Tested: 3,250,000 | Rate: 499450/s | Key: 0x656814c487bf23c871f8d9e068a774f58b
✨ Following gut feelings... Tested: 3,260,000 | Rate: 499758/s | Key: 0x61885462f4ec5c26f6bdc23bee26b408c7
✨ Following gut feelings... Tested: 3,270,000 | Rate: 499759/s | Key: 0x7d10ff815403d085fe8ad6ed051dc9ca99
✨ Following gut feelings... Tested: 3,280,000 | Rate: 499755/s | Key: 0x52c0ad56e65fb3130b2d8a8a85c91f7cb5
✨ Following gut feelings... Tested: 3,290,000 | Rate: 500060/s | Key: 0x43ed306877291a83df0064885f1b38a44e
✨ Following gut feelings... Tested: 3,300,000 | Rate: 499917/s | Key: 0x564a9491f2262283bd88fcc4546ce1a2b6
✨ Following gut feelings... Tested: 3,310,000 | Rate: 496303/s | Key: 0x73620eb4efd8b0d33a122ec0be994706c2
✨ Following gut feelings... Tested: 3,320,000 | Rate: 495711/s | Key: 0x6f2b8bff280b09fadf5827b29fd25bb3e8
✨ Following gut feelings... Tested: 3,330,000 | Rate: 495253/s | Key: 0x458bb464977635ed98d9aed71e33bd486a
✨ Following gut feelings... Tested: 3,340,000 | Rate: 496445/s | Key: 0x432d0b9e70439f11911ba03e08c4aa4840
✨ Following gut feelings... Tested: 3,350,000 | Rate: 496268/s | Key: 0x721b7a2661fdf130f137cf4dd2bd68a60e
✨ Following gut feelings... Tested: 3,360,000 | Rate: 496278/s | Key: 0x6a3f57f0b50be862badbdfe1a79c438acd
✨ Following gut feelings... Tested: 3,370,000 | Rate: 496580/s | Key: 0x4f6e5889567ec7ec5f988b6ea46e347c7c
✨ Following gut feelings... Tested: 3,380,000 | Rate: 496883/s | Key: 0x66bc7f5bfcf5dea937dc00fda952ce20f8
✨ Following gut feelings... Tested: 3,390,000 | Rate: 497182/s | Key: 0x6e05530e4b52517bae1a1ec4f31346c78f
✨ Following gut feelings... Tested: 3,400,000 | Rate: 497430/s | Key: 0x555950c7c04ee64a861008cdea3580cf25
✨ Following gut feelings... Tested: 3,410,000 | Rate: 497279/s | Key: 0x4e58532fa0b1084de00b430224f1ebd022
✨ Following gut feelings... Tested: 3,420,000 | Rate: 498015/s | Key: 0x5b94a568b5816d3076e242862e0ecc0a42
✨ Following gut feelings... Tested: 3,430,000 | Rate: 498584/s | Key: 0x6b72788d52c9e55508f32caa276dfad5cf
✨ Following gut feelings... Tested: 3,440,000 | Rate: 498877/s | Key: 0x52e9ba8902738420ca73e50e18c1e64751
✨ Following gut feelings... Tested: 3,450,000 | Rate: 499160/s | Key: 0x40aee9bbfbea8db1f48b58d859c6d59ab7
✨ Following gut feelings... Tested: 3,460,000 | Rate: 499450/s | Key: 0x7430fb262e388ed8931b9e868f7e5bc873
✨ Following gut feelings... Tested: 3,470,000 | Rate: 499740/s | Key: 0x4d797d35bcca5a0346d7df680b18740b41
✨ Following gut feelings... Tested: 3,480,000 | Rate: 500027/s | Key: 0x6680a48dd012faff717b2f339b6c8707f9
✨ Following gut feelings... Tested: 3,490,000 | Rate: 500314/s | Key: 0x45fe7991094ba75bb465722da2c39de3c8
✨ Following gut feelings... Tested: 3,500,000 | Rate: 500595/s | Key: 0x4146153c2836afefc8f0326e7f275bfcb3
✨ Following gut feelings... Tested: 3,510,000 | Rate: 500878/s | Key: 0x624e54fe4dacb64c64768c8ee609567504
✨ Following gut feelings... Tested: 3,520,000 | Rate: 500873/s | Key: 0x6b2b7d4d60d1e27d234bc092513455bb69
✨ Following gut feelings... Tested: 3,530,000 | Rate: 500587/s | Key: 0x55a49e467c99b5569546d197460fa1d3ee
✨ Following gut feelings... Tested: 3,540,000 | Rate: 498889/s | Key: 0x49580a2d8093fae384a0a820b9b7cdaebc
✨ Following gut feelings... Tested: 3,550,000 | Rate: 498332/s | Key: 0x75d967396ff3834de4c508a0b029b95dfa
✨ Following gut feelings... Tested: 3,560,000 | Rate: 497706/s | Key: 0x7944bc58cc99384ac28bd64470e0b98415
✨ Following gut feelings... Tested: 3,570,000 | Rate: 497307/s | Key: 0x507aee34178a0100a8f161de226ef54339
✨ Following gut feelings... Tested: 3,580,000 | Rate: 497590/s | Key: 0x40b0d1cb16168d123cf3040f0de39b9722
✨ Following gut feelings... Tested: 3,590,000 | Rate: 497873/s | Key: 0x720f8af68d72aaa96206952d8ef26a27ef
✨ Following gut feelings... Tested: 3,600,000 | Rate: 498142/s | Key: 0x43ec991c2a270f4b0f74d854b6a2ba25d9
✨ Following gut feelings... Tested: 3,610,000 | Rate: 498423/s | Key: 0x783b3846d69b471063b1ad7fe9fae00414
✨ Following gut feelings... Tested: 3,620,000 | Rate: 498703/s | Key: 0x537dd348b1dde73dc2555c0d615c5feb82
✨ Following gut feelings... Tested: 3,630,000 | Rate: 498978/s | Key: 0x74afbcf76a6d384b2c28844ff11e17e84f
✨ Following gut feelings... Tested: 3,640,000 | Rate: 499255/s | Key: 0x55764b58958d987a8297fe5e5340ae5c24
✨ Following gut feelings... Tested: 3,650,000 | Rate: 499530/s | Key: 0x51313fbf71b12c37b9c43ff7a61551ef27
✨ Following gut feelings... Tested: 3,660,000 | Rate: 499804/s | Key: 0x5615910bbff222380694bda0bd2eebd424
✨ Following gut feelings... Tested: 3,670,000 | Rate: 500069/s | Key: 0x7d5480acc0f7b7ee2979e43acdbe4e6506
✨ Following gut feelings... Tested: 3,680,000 | Rate: 500261/s | Key: 0x49eeecc9713234fe5cbcbac793dcc731cb
✨ Following gut feelings... Tested: 3,690,000 | Rate: 500257/s | Key: 0x431eff1937ef527648f312487d849ef310
✨ Following gut feelings... Tested: 3,700,000 | Rate: 500522/s | Key: 0x79eed740d46ea53553e0b19d19287b8350
✨ Following gut feelings... Tested: 3,710,000 | Rate: 500791/s | Key: 0x58fe0a2602d2100428bbcde7ce3bfc423a
✨ Following gut feelings... Tested: 3,720,000 | Rate: 500574/s | Key: 0x5267e2fe2fda7e942c82b879d76580a97d
✨ Following gut feelings... Tested: 3,730,000 | Rate: 500302/s | Key: 0x765ddecba08a3174afc9a88310539ecc82
✨ Following gut feelings... Tested: 3,740,000 | Rate: 500211/s | Key: 0x510e0510bf25765dd7e391e2b8f1f0075d
✨ Following gut feelings... Tested: 3,750,000 | Rate: 498303/s | Key: 0x56d6302e41f2ff91b11fff647914b7ffb0
✨ Following gut feelings... Tested: 3,760,000 | Rate: 498036/s | Key: 0x792786007220986639dc456aa290b47f6b
✨ Following gut feelings... Tested: 3,770,000 | Rate: 497839/s | Key: 0x6f6cf1f997b0a3788d12ea4d552fbb3777
✨ Following gut feelings... Tested: 3,780,000 | Rate: 498898/s | Key: 0x6807e67eeabb812f55f3917722336ca098
✨ Following gut feelings... Tested: 3,790,000 | Rate: 497743/s | Key: 0x443764c2754869eaae6a87ce278c603faa
✨ Following gut feelings... Tested: 3,800,000 | Rate: 498004/s | Key: 0x776b8eeff2b4ec1a653da3ebe4b949ebcb
✨ Following gut feelings... Tested: 3,810,000 | Rate: 498270/s | Key: 0x7cf8327e0b4e60d10a10fca7e55c8995d5
✨ Following gut feelings... Tested: 3,820,000 | Rate: 498531/s | Key: 0x510a58f68c3a4d397725950b26a77a9260
✨ Following gut feelings... Tested: 3,830,000 | Rate: 498793/s | Key: 0x7df2d53aece8f79552a4b2a8318f7241c6
✨ Following gut feelings... Tested: 3,840,000 | Rate: 499054/s | Key: 0x70b6f29772b47b1ad7a041e98ba4b112aa
✨ Following gut feelings... Tested: 3,850,000 | Rate: 499317/s | Key: 0x72e67a4b8aefbca32971a9a209b5eabfb1
✨ Following gut feelings... Tested: 3,860,000 | Rate: 499575/s | Key: 0x49b9fae0f0a35a1b8e1554caadb597c776
✨ Following gut feelings... Tested: 3,870,000 | Rate: 499833/s | Key: 0x7183c1fdae7cf26795546ab5de6360e3f6
✨ Following gut feelings... Tested: 3,880,000 | Rate: 500081/s | Key: 0x5d72e5e166741c4728b938d5d28d9f74c3
✨ Following gut feelings... Tested: 3,890,000 | Rate: 500333/s | Key: 0x4a79d960a25b1a8e90af8248f751c60cc0
✨ Following gut feelings... Tested: 3,900,000 | Rate: 500591/s | Key: 0x71d19bb98b8c0a19ad9cd1056239f875cd
✨ Following gut feelings... Tested: 3,910,000 | Rate: 500844/s | Key: 0x468f6e28acffecaf9bbb00cf2e7d5f290e
✨ Following gut feelings... Tested: 3,920,000 | Rate: 501024/s | Key: 0x5696249598af8a77e1264d3d5877497e9d
✨ Following gut feelings... Tested: 3,930,000 | Rate: 501277/s | Key: 0x56321ebf469a2c18d08d52b6213cd34b61
✨ Following gut feelings... Tested: 3,940,000 | Rate: 501367/s | Key: 0x46a54a5c736b48985eba347554865eb79e
✨ Following gut feelings... Tested: 3,950,000 | Rate: 500565/s | Key: 0x548ffbd752820ca077fa68f485de578bd0
✨ Following gut feelings... Tested: 3,960,000 | Rate: 500311/s | Key: 0x473f1cb411079ba0ff65d0e29af5b19a47
✨ Following gut feelings... Tested: 3,970,000 | Rate: 499290/s | Key: 0x455066d3c7d9d13ee38c085fe32131789e
✨ Following gut feelings... Tested: 3,980,000 | Rate: 498290/s | Key: 0x7a8ddbd5ad2bf28fc7d7024c137be6a96f
✨ Following gut feelings... Tested: 3,990,000 | Rate: 497547/s | Key: 0x416003db787023d0a139684131460e5a44
✨ Following gut feelings... Tested: 4,000,000 | Rate: 497416/s | Key: 0x4e2c02b74bf482dff42bbb7280284d1d07
✨ Following gut feelings... Tested: 4,010,000 | Rate: 497129/s | Key: 0x533faafcadff6cd873e1943a9d6ece9b43
✨ Following gut feelings... Tested: 4,020,000 | Rate: 497567/s | Key: 0x4dade5ef83690509411a583c1a6b25b88f
✨ Following gut feelings... Tested: 4,030,000 | Rate: 497572/s | Key: 0x4aa6c62cb16b6967f92a879cbcde40bfce
✨ Following gut feelings... Tested: 4,040,000 | Rate: 498068/s | Key: 0x739a13e1ee5a12c3759eda5188ab9c1f7d
✨ Following gut feelings... Tested: 4,050,000 | Rate: 498317/s | Key: 0x6bf0df77d55e054537a576fcc3d6e477e9
✨ Following gut feelings... Tested: 4,060,000 | Rate: 499049/s | Key: 0x468d146e3c539802433e497f53d7d1f805
✨ Following gut feelings... Tested: 4,070,000 | Rate: 499296/s | Key: 0x4ecb82b0e16a7a50688f63b9420e278e59
✨ Following gut feelings... Tested: 4,080,000 | Rate: 499542/s | Key: 0x78d9421c0c11e6c799e59f04c1b0ceca1e
✨ Following gut feelings... Tested: 4,090,000 | Rate: 499731/s | Key: 0x56d3e3d70960c0e7fb75a332251e226b88
✨ Following gut feelings... Tested: 4,100,000 | Rate: 499732/s | Key: 0x44a43235f05e731027997861ed2c121712
✨ Following gut feelings... Tested: 4,110,000 | Rate: 499729/s | Key: 0x55c260278c83252d3b53d0d22b0adaad50
✨ Following gut feelings... Tested: 4,120,000 | Rate: 499741/s | Key: 0x54b36be667b18d61ea88890ce752d5d128
✨ Following gut feelings... Tested: 4,130,000 | Rate: 499740/s | Key: 0x6917086225af2278e6e65d15a66ca977f3
✨ Following gut feelings... Tested: 4,140,000 | Rate: 499565/s | Key: 0x7d48ae9840651ce26aaad6b6045f7e43e9
✨ Following gut feelings... Tested: 4,150,000 | Rate: 498686/s | Key: 0x46c443c8ea8bf49c1f6e43cd54c98d939f
✨ Following gut feelings... Tested: 4,160,000 | Rate: 497904/s | Key: 0x6fde4974854758942d96d900b375d31677
✨ Following gut feelings... Tested: 4,170,000 | Rate: 497904/s | Key: 0x426872ed91bf917945002699ffa68e2fe9
✨ Following gut feelings... Tested: 4,180,000 | Rate: 497430/s | Key: 0x79fb5471f66e61c416593c7ec329d16f40
✨ Following gut feelings... Tested: 4,190,000 | Rate: 496765/s | Key: 0x5e2672bc07e05f2435702db6d5e177dfcf
✨ Following gut feelings... Tested: 4,200,000 | Rate: 496266/s | Key: 0x58d3970b57028da7dd4ed572739eef82f0
✨ Following gut feelings... Tested: 4,210,000 | Rate: 496222/s | Key: 0x407fb4c9011a79fd24d8fc048920b88a7e
✨ Following gut feelings... Tested: 4,220,000 | Rate: 496642/s | Key: 0x62643939d74a0c31e0fe7ec7ccfe7f7c46
✨ Following gut feelings... Tested: 4,230,000 | Rate: 497169/s | Key: 0x681e34d2f976201064bafb53e4981df7b6
✨ Following gut feelings... Tested: 4,240,000 | Rate: 497406/s | Key: 0x45d6f7453358ce93b1b9221a2b63f99d35
✨ Following gut feelings... Tested: 4,250,000 | Rate: 497349/s | Key: 0x5488a8d4969f44cb0ef9eb75cefaffb9dc
✨ Following gut feelings... Tested: 4,260,000 | Rate: 498067/s | Key: 0x787449a1a06325e010ac23afa0134f979a
✨ Following gut feelings... Tested: 4,270,000 | Rate: 499004/s | Key: 0x430d244f0bc1058c64ab253adf73c68dff
✨ Following gut feelings... Tested: 4,280,000 | Rate: 499008/s | Key: 0x7fce5eee8e66028faa0ea7fec8603dce64
✨ Following gut feelings... Tested: 4,290,000 | Rate: 498734/s | Key: 0x77186ddf5c0b88d2ada55d87c214f6c005
✨ Following gut feelings... Tested: 4,300,000 | Rate: 498732/s | Key: 0x73a11c8a56ce8add2b723a76982e90c8c5
✨ Following gut feelings... Tested: 4,310,000 | Rate: 498962/s | Key: 0x63f0ce64abb244eecb4ccc7d050fd11a89
✨ Following gut feelings... Tested: 4,320,000 | Rate: 498715/s | Key: 0x51ae24489b2ffb0e509748e36233b65ffd
✨ Following gut feelings... Tested: 4,330,000 | Rate: 498947/s | Key: 0x5c0670b932363edc3f853d6c6ee1d4fc9a
✨ Following gut feelings... Tested: 4,340,000 | Rate: 498950/s | Key: 0x697198d3fa32a484ef24da03703874c42b
✨ Following gut feelings... Tested: 4,350,000 | Rate: 499102/s | Key: 0x634612215b1ab4c839f3c8cda0177511e5
✨ Following gut feelings... Tested: 4,360,000 | Rate: 499332/s | Key: 0x4b89806567d62a680d5b033aa17657dd0e
✨ Following gut feelings... Tested: 4,370,000 | Rate: 499332/s | Key: 0x5c0dbacdec46f1f3851740a6002bfbe00d
✨ Following gut feelings... Tested: 4,380,000 | Rate: 499559/s | Key: 0x45f62d94bb6b932c89e6fb7095da20f177
✨ Following gut feelings... Tested: 4,390,000 | Rate: 499558/s | Key: 0x7bb5e43b33f406c58f86e6a9ea90525c5f
✨ Following gut feelings... Tested: 4,400,000 | Rate: 499274/s | Key: 0x72e1f3898140812f557b6373256684a7a0
✨ Following gut feelings... Tested: 4,410,000 | Rate: 498881/s | Key: 0x66d2003d9879384348c249f29c2e182734
✨ Following gut feelings... Tested: 4,420,000 | Rate: 497652/s | Key: 0x72080861a8e5bac6a867c2c8196868c26a
✨ Following gut feelings... Tested: 4,430,000 | Rate: 498014/s | Key: 0x6459627d0be4f53885b56c04a5df2a0625
✨ Following gut feelings... Tested: 4,440,000 | Rate: 497799/s | Key: 0x6142c2e4aafc033aec2bf81ce36c061c91
✨ Following gut feelings... Tested: 4,450,000 | Rate: 497799/s | Key: 0x71e2502c243772ebba635fb70685c479d2
✨ Following gut feelings... Tested: 4,460,000 | Rate: 498022/s | Key: 0x566b6593023ea405f94921ce0fb0e14660
✨ Following gut feelings... Tested: 4,470,000 | Rate: 498244/s | Key: 0x5f345a59c21710a376cdaf4b2daa07c9bd
✨ Following gut feelings... Tested: 4,480,000 | Rate: 498466/s | Key: 0x47f6ccc58a5dd8628b33aafdcfc9f6f592
✨ Following gut feelings... Tested: 4,490,000 | Rate: 498685/s | Key: 0x7223f26cfe74817954e272dc6e685a4c51
✨ Following gut feelings... Tested: 4,500,000 | Rate: 498910/s | Key: 0x704a92f079c94a8fb080674d8ee27feab2
✨ Following gut feelings... Tested: 4,510,000 | Rate: 499132/s | Key: 0x7313b09b77dcf946b6356d016b7a50647d
✨ Following gut feelings... Tested: 4,520,000 | Rate: 499351/s | Key: 0x630d2b87421f31d270d3c54e23e9ecfc5e
✨ Following gut feelings... Tested: 4,530,000 | Rate: 499570/s | Key: 0x64de458ec718518934aa7d1419d3dea793
✨ Following gut feelings... Tested: 4,540,000 | Rate: 499789/s | Key: 0x6bc4684ee0271810f1457fb55176099aed
✨ Following gut feelings... Tested: 4,550,000 | Rate: 500006/s | Key: 0x6509bf43ef0b82b2daf93d77ef0d805107
✨ Following gut feelings... Tested: 4,560,000 | Rate: 500225/s | Key: 0x673282c000093770c1b6b29c905766eb0c
✨ Following gut feelings... Tested: 4,570,000 | Rate: 500444/s | Key: 0x5e53fa0335497ed34f33cde91513a490d1
✨ Following gut feelings... Tested: 4,580,000 | Rate: 500660/s | Key: 0x4c16e246f9a559846c9ce3251baa3fa582
✨ Following gut feelings... Tested: 4,590,000 | Rate: 500654/s | Key: 0x63b6f02080e70ba7056c7e8e1a4c484535
✨ Following gut feelings... Tested: 4,600,000 | Rate: 500652/s | Key: 0x5f6fa74723420c931c7ee3b7f3520ea7a4
✨ Following gut feelings... Tested: 4,610,000 | Rate: 500650/s | Key: 0x6182d814c03833f3439e736cb224c63bdb
✨ Following gut feelings... Tested: 4,620,000 | Rate: 500647/s | Key: 0x455943963788d6592ea987baa9e1a14990
✨ Following gut feelings... Tested: 4,630,000 | Rate: 500635/s | Key: 0x60ac1e2cd20bf07e97583a50372f3435ec
✨ Following gut feelings... Tested: 4,640,000 | Rate: 499550/s | Key: 0x7e1501e592db5fc76bf193bc4a9b4e6688
✨ Following gut feelings... Tested: 4,650,000 | Rate: 499119/s | Key: 0x7245e0c10fabf7ec7efd62e6f20392e78e
✨ Following gut feelings... Tested: 4,660,000 | Rate: 498471/s | Key: 0x7e4a9a823103a9ff5220e9012bf3b955d6
✨ Following gut feelings... Tested: 4,670,000 | Rate: 498236/s | Key: 0x6f9c8b49160db46b3b2e563128b224b703
✨ Following gut feelings... Tested: 4,680,000 | Rate: 497599/s | Key: 0x797a7aeb457203973b88814ec646c6c75f
✨ Following gut feelings... Tested: 4,690,000 | Rate: 497071/s | Key: 0x6f914d115b6aad357021e32cbc5f927301
✨ Following gut feelings... Tested: 4,700,000 | Rate: 496179/s | Key: 0x5bf5250d98bdef234b7b2396bee1e23bd6
✨ Following gut feelings... Tested: 4,710,000 | Rate: 497023/s | Key: 0x41d08cc3d57a3fea6215e0e610a8362422
✨ Following gut feelings... Tested: 4,720,000 | Rate: 496403/s | Key: 0x5ca6e2215cdbbc3be32d09c463cf85bf0f
✨ Following gut feelings... Tested: 4,730,000 | Rate: 495577/s | Key: 0x754c7f14f8fcac491c6075b14ad1737e29
✨ Following gut feelings... Tested: 4,740,000 | Rate: 495791/s | Key: 0x53fbdddde1b8900419df0b954c76157bae
✨ Following gut feelings... Tested: 4,750,000 | Rate: 495527/s | Key: 0x663d2fb43c302a3358abf934fe8dd86739
✨ Following gut feelings... Tested: 4,760,000 | Rate: 496080/s | Key: 0x6d14ab83383cf117c6f18b7b549dc174a8
✨ Following gut feelings... Tested: 4,770,000 | Rate: 496086/s | Key: 0x7d501485adcc88533e3f60e6827b4bf097
✨ Following gut feelings... Tested: 4,780,000 | Rate: 495482/s | Key: 0x7aac93f77b434e4c6b4ba19f858603e50f
✨ Following gut feelings... Tested: 4,790,000 | Rate: 496053/s | Key: 0x56e611ad8db85714485923be30c0c75988
✨ Following gut feelings... Tested: 4,800,000 | Rate: 495742/s | Key: 0x69b41f152049987aed15d3d7a793232c87
✨ Following gut feelings... Tested: 4,810,000 | Rate: 495545/s | Key: 0x60a9e9e7a6cc3834527a85fdaf5e9c6ccc
✨ Following gut feelings... Tested: 4,820,000 | Rate: 495757/s | Key: 0x42385269e34a01fb9b676317b015a60a9a
✨ Following gut feelings... Tested: 4,830,000 | Rate: 495969/s | Key: 0x7ddaf0c4eea4bf88e260d2f8ad45ce3291
✨ Following gut feelings... Tested: 4,840,000 | Rate: 496261/s | Key: 0x696eba682811e2481044f6b8794173edfa
✨ Following gut feelings... Tested: 4,850,000 | Rate: 496470/s | Key: 0x5c77c116d60d6e0351b9d4096b608ceb0f
✨ Following gut feelings... Tested: 4,860,000 | Rate: 496178/s | Key: 0x7b6948a91f5afd40a37d29fe22f5b81bc1
✨ Following gut feelings... Tested: 4,870,000 | Rate: 495978/s | Key: 0x604645cd63e7869e108c0a66d5622dba48
✨ Following gut feelings... Tested: 4,880,000 | Rate: 495632/s | Key: 0x4ee8594d7cebc19df95b7ded527cbb6534
✨ Following gut feelings... Tested: 4,890,000 | Rate: 495744/s | Key: 0x41f06568ce9048eb5c5160ac893397ea83
✨ Following gut feelings... Tested: 4,900,000 | Rate: 495931/s | Key: 0x5ee9ca2ab3362bff9815abd02e0b7e7e3f
✨ Following gut feelings... Tested: 4,910,000 | Rate: 495536/s | Key: 0x7c57811c0937d28d1368ca63c4f33efbc5
✨ Following gut feelings... Tested: 4,920,000 | Rate: 495598/s | Key: 0x6b5b4d3b1db7f8f3e09456f7f7864330a0
✨ Following gut feelings... Tested: 4,930,000 | Rate: 495595/s | Key: 0x7d41a31e7e9576d4c4372ea6969d066fc9
✨ Following gut feelings... Tested: 4,940,000 | Rate: 495831/s | Key: 0x55293f163213035abaade47402b194864b
✨ Following gut feelings... Tested: 4,950,000 | Rate: 494936/s | Key: 0x4ea3d54139a7c08ab2418bedba0b7f2eb1
✨ Following gut feelings... Tested: 4,960,000 | Rate: 494735/s | Key: 0x66867b8e42ae80c81cb9f234a79b7c92b2
✨ Following gut feelings... Tested: 4,970,000 | Rate: 495232/s | Key: 0x4e30b7b86f048c10d39062648a59ceb28c
✨ Following gut feelings... Tested: 4,980,000 | Rate: 496029/s | Key: 0x67296edd495172ead8eb826bcb0766eb88
✨ Following gut feelings... Tested: 4,990,000 | Rate: 495350/s | Key: 0x5ab7aa331ae6dd55deaa31c30d303bb156
✨ Following gut feelings... Tested: 5,000,000 | Rate: 495556/s | Key: 0x7431f61765d2a869e842bcbf8d203e6e67
✨ Following gut feelings... Tested: 5,010,000 | Rate: 494993/s | Key: 0x577124e204710f9b5c940bd23f71843d52
✨ Following gut feelings... Tested: 5,020,000 | Rate: 495109/s | Key: 0x5616c9c14935378d3e135f298f988d2ec7
✨ Following gut feelings... Tested: 5,030,000 | Rate: 495507/s | Key: 0x4d6c7cdfa6047c3be21b150ef9b8dde20f
✨ Following gut feelings... Tested: 5,040,000 | Rate: 495514/s | Key: 0x78848ebe249177dd8881e69661e7c4ea3c
✨ Following gut feelings... Tested: 5,050,000 | Rate: 495132/s | Key: 0x79899496afdd7bfa53523ae6b541f9a5b0
✨ Following gut feelings... Tested: 5,060,000 | Rate: 494893/s | Key: 0x5ea8a56da7084af67c797e578101d7b7cf
✨ Following gut feelings... Tested: 5,070,000 | Rate: 494706/s | Key: 0x6bdf9a1026c2f50061e2651340852f5d75
✨ Following gut feelings... Tested: 5,080,000 | Rate: 493893/s | Key: 0x7c559a07475897b6c9e0b299af99d193c9
✨ Following gut feelings... Tested: 5,090,000 | Rate: 494097/s | Key: 0x699202588bf018ae6e1a91afe2187f5d99
✨ Following gut feelings... Tested: 5,100,000 | Rate: 494773/s | Key: 0x5f6db1af653b72509d2f29f5adb34200fa
✨ Following gut feelings... Tested: 5,110,000 | Rate: 495311/s | Key: 0x5b7eaf07076aa891a9bf14688fce458d5c
✨ Following gut feelings... Tested: 5,120,000 | Rate: 495320/s | Key: 0x60e23f421d8e85db26ab17e422934acf09
✨ Following gut feelings... Tested: 5,130,000 | Rate: 495707/s | Key: 0x5cdc674f3a7d1f8b425b54b823a026544b
✨ Following gut feelings... Tested: 5,140,000 | Rate: 495712/s | Key: 0x63721c0e69a722ac98f82b92647cb02874
✨ Following gut feelings... Tested: 5,150,000 | Rate: 495526/s | Key: 0x64ff34ef657b80f2290dbac45802ea5167
✨ Following gut feelings... Tested: 5,160,000 | Rate: 495142/s | Key: 0x66d5629671414dcdb91534c733d1858cbb
✨ Following gut feelings... Tested: 5,170,000 | Rate: 495111/s | Key: 0x4165ca6669d9c8422c4a2a9d4f3644c9c8
✨ Following gut feelings... Tested: 5,180,000 | Rate: 495119/s | Key: 0x5863ed58fa126f195b170536ad1c04b3e2
✨ Following gut feelings... Tested: 5,190,000 | Rate: 495154/s | Key: 0x44bfd4f5b754461ce09cffef67ea38cb51
✨ Following gut feelings... Tested: 5,200,000 | Rate: 495637/s | Key: 0x756aeb02bca70eecc113aead202f141fdd
✨ Following gut feelings... Tested: 5,210,000 | Rate: 496211/s | Key: 0x53b74b25142821b75f5d7734d3cd312b27
✨ Following gut feelings... Tested: 5,220,000 | Rate: 496784/s | Key: 0x53632ebab01ddfcef19023dcdefa7fdc8d
✨ Following gut feelings... Tested: 5,230,000 | Rate: 497359/s | Key: 0x5b9190311a2bd66e56bb7fc16d95850c1d
✨ Following gut feelings... Tested: 5,240,000 | Rate: 497363/s | Key: 0x40b1c392ff3f324790545a928653c03aba
✨ Following gut feelings... Tested: 5,250,000 | Rate: 497369/s | Key: 0x726a62dc4cbbfe3308bd98c7478c635c6c
✨ Following gut feelings... Tested: 5,260,000 | Rate: 497563/s | Key: 0x763d163bb8ef3d4546d68fcdc9a4a48955
✨ Following gut feelings... Tested: 5,270,000 | Rate: 497566/s | Key: 0x49ca10ea8d6af64eb35e9c37b65a454757
✨ Following gut feelings... Tested: 5,280,000 | Rate: 497569/s | Key: 0x5672c0641bd5efc5a6ab087e3ff7234ee6
✨ Following gut feelings... Tested: 5,290,000 | Rate: 497567/s | Key: 0x407d564bfcdee899b36bd92ac008b79d91
✨ Following gut feelings... Tested: 5,300,000 | Rate: 497758/s | Key: 0x5ec391d19b64448591af9cb847e4981e35
✨ Following gut feelings... Tested: 5,310,000 | Rate: 497525/s | Key: 0x79dfd404c3ec2da88b9f445716e22846ef
✨ Following gut feelings... Tested: 5,320,000 | Rate: 497165/s | Key: 0x4a55668a6aa45474a542a36a0b1677a87e
✨ Following gut feelings... Tested: 5,330,000 | Rate: 496986/s | Key: 0x42db238f7146a45043befc389b1e70d5ca
✨ Following gut feelings... Tested: 5,340,000 | Rate: 496806/s | Key: 0x440102449e381145bc1b9acc210dcb84d4
✨ Following gut feelings... Tested: 5,350,000 | Rate: 496813/s | Key: 0x44ae0cf95e06754fd20168a233245a6eda
✨ Following gut feelings... Tested: 5,360,000 | Rate: 496176/s | Key: 0x723395372d0001367c82a3fc04f78e34a6
✨ Following gut feelings... Tested: 5,370,000 | Rate: 496347/s | Key: 0x4345821cf1fdfba41c95f39dcff9f81d31
✨ Following gut feelings... Tested: 5,380,000 | Rate: 496289/s | Key: 0x7fae3c3fb2ec373a3e706817a0947139a9
✨ Following gut feelings... Tested: 5,390,000 | Rate: 496660/s | Key: 0x7c2d996ac5fb1a2249a2c4b5e95333f7c3
✨ Following gut feelings... Tested: 5,400,000 | Rate: 496666/s | Key: 0x453747922e4562737563a550bb88f98a67
✨ Following gut feelings... Tested: 5,410,000 | Rate: 496666/s | Key: 0x5fb28ec914b90f7e9c1a2685af755f7076
✨ Following gut feelings... Tested: 5,420,000 | Rate: 496673/s | Key: 0x7bd3dbd226c354dcc9f1b55a704160917a
✨ Following gut feelings... Tested: 5,430,000 | Rate: 496566/s | Key: 0x6910cbe2b7f603188bf92b153b0c3d241c
✨ Following gut feelings... Tested: 5,440,000 | Rate: 496573/s | Key: 0x62d9bd40c342ba2aa059c7e16917814bda
✨ Following gut feelings... Tested: 5,450,000 | Rate: 496539/s | Key: 0x5a75e97174ed6da5f0fecfcc4a5e6f56a9
✨ Following gut feelings... Tested: 5,460,000 | Rate: 496702/s | Key: 0x6daf6691528b3a94dac2052c5784bbd4de
✨ Following gut feelings... Tested: 5,470,000 | Rate: 496168/s | Key: 0x558a73256a41eaef4240a8099c1ae277bd
✨ Following gut feelings... Tested: 5,480,000 | Rate: 495912/s | Key: 0x569fe7ebb6426b8358249d45701aa1720c
✨ Following gut feelings... Tested: 5,490,000 | Rate: 496455/s | Key: 0x4533a070ca7bd578be9d0ba5204e9aba23
✨ Following gut feelings... Tested: 5,500,000 | Rate: 496102/s | Key: 0x716be0ce5681c9cd8ff6abeed0ad4ea7f9
✨ Following gut feelings... Tested: 5,510,000 | Rate: 495929/s | Key: 0x6059914f4c0f8322e28f91230edf8ab483
✨ Following gut feelings... Tested: 5,520,000 | Rate: 495934/s | Key: 0x42c1c696a4e476282c1fa565bb2b886991
✨ Following gut feelings... Tested: 5,530,000 | Rate: 495712/s | Key: 0x77d516e366f1438de8b0fe5dcdf65e270e
✨ Following gut feelings... Tested: 5,540,000 | Rate: 495793/s | Key: 0x77f2baa4b84b36d75cb79bdee676306e7c
✨ Following gut feelings... Tested: 5,550,000 | Rate: 495270/s | Key: 0x6150ddc595012938791b63169056222235
✨ Following gut feelings... Tested: 5,560,000 | Rate: 495101/s | Key: 0x6398950735cc4966322571ac00d3cbc415
✨ Following gut feelings... Tested: 5,570,000 | Rate: 495635/s | Key: 0x62d0579b1b6226a0e73398dd6b52f9f4db
✨ Following gut feelings... Tested: 5,580,000 | Rate: 496032/s | Key: 0x528ce1701d16f6c6bfb63df0cc6bbda0a6
✨ Following gut feelings... Tested: 5,590,000 | Rate: 495125/s | Key: 0x6978e9e75a6a32e538c2f5f8acd6ae1783
✨ Following gut feelings... Tested: 5,600,000 | Rate: 495308/s | Key: 0x7edda4c6916f632c672c52b17c9c3da41d
✨ Following gut feelings... Tested: 5,610,000 | Rate: 495142/s | Key: 0x580d35072385dd8f18cb4a565ed171efec
✨ Following gut feelings... Tested: 5,620,000 | Rate: 495452/s | Key: 0x641cfdb405596079bc57a48d141e72dba7
✨ Following gut feelings... Tested: 5,630,000 | Rate: 495982/s | Key: 0x4c7584c20e3b72faca6d74b2506e637861
✨ Following gut feelings... Tested: 5,640,000 | Rate: 496513/s | Key: 0x4bed3275b664eaf0a8ac7bdf8c4d9caec9
✨ Following gut feelings... Tested: 5,650,000 | Rate: 496146/s | Key: 0x716eb580e912ae9520dd6b609b952e1620
✨ Following gut feelings... Tested: 5,660,000 | Rate: 495979/s | Key: 0x7b2231ee9631c1d34157cab1ec34eeaebf
✨ Following gut feelings... Tested: 5,670,000 | Rate: 496331/s | Key: 0x7b4cf2a16f39fd25234c25678aeb83c074
✨ Following gut feelings... Tested: 5,680,000 | Rate: 496511/s | Key: 0x49cc67269123ac82bc6cbddbd1d65c1ca7
✨ Following gut feelings... Tested: 5,690,000 | Rate: 496691/s | Key: 0x536d68fa1593668a7404bc27a02ea467b1
✨ Following gut feelings... Tested: 5,700,000 | Rate: 496349/s | Key: 0x6a606c926b91034b7c2fe31fd6f1f1fb48
✨ Following gut feelings... Tested: 5,710,000 | Rate: 496356/s | Key: 0x7d3e9aa3c1ad685f18b3ce6c3fdc433804
✨ Following gut feelings... Tested: 5,720,000 | Rate: 496362/s | Key: 0x54a89b419d06ed05ef0b4b4aa60f68d99f
✨ Following gut feelings... Tested: 5,730,000 | Rate: 496195/s | Key: 0x7a6aab6eb17964e6597b6493ecdc3732ee
✨ Following gut feelings... Tested: 5,740,000 | Rate: 496201/s | Key: 0x7262187f1a1cabdf4b4f96cfacb8b6c962
✨ Following gut feelings... Tested: 5,750,000 | Rate: 495998/s | Key: 0x703ff068cf3740d51b90eaa333482be6fd
✨ Following gut feelings... Tested: 5,760,000 | Rate: 496003/s | Key: 0x65a2fd1bb2ca788d810ff95ba8a2f6db06
✨ Following gut feelings... Tested: 5,770,000 | Rate: 495077/s | Key: 0x6d13b3ca8ae7cc826da80dfd959939f5a0
✨ Following gut feelings... Tested: 5,780,000 | Rate: 495085/s | Key: 0x53e30531bc1a68c97922bb80446afc6b0c
✨ Following gut feelings... Tested: 5,790,000 | Rate: 494923/s | Key: 0x412a6bcdb9dad36a9c5eee111bfb08ff79
✨ Following gut feelings... Tested: 5,800,000 | Rate: 494760/s | Key: 0x4f65b7353d59a5e81c1a8f0b29ba1694f3
✨ Following gut feelings... Tested: 5,810,000 | Rate: 494600/s | Key: 0x52cb8084b066199a5f954c52f734d514d3
✨ Following gut feelings... Tested: 5,820,000 | Rate: 494441/s | Key: 0x75cc317e6129311e2b194e3567560bd2ae
✨ Following gut feelings... Tested: 5,830,000 | Rate: 494114/s | Key: 0x636fa090dd80eddc09bd37882b1162b570
✨ Following gut feelings... Tested: 5,840,000 | Rate: 494123/s | Key: 0x5c99d64310b6577b30716a6dda0448fed6
✨ Following gut feelings... Tested: 5,850,000 | Rate: 493966/s | Key: 0x67f4776620f3864072b47451c64f50f448
✨ Following gut feelings... Tested: 5,860,000 | Rate: 493809/s | Key: 0x6137febb5412ee893171fa1883da304080
✨ Following gut feelings... Tested: 5,870,000 | Rate: 493649/s | Key: 0x7688bab3b97d638421505e793d09e223d0
✨ Following gut feelings... Tested: 5,880,000 | Rate: 493659/s | Key: 0x585b9c80fa45ba20b3cf8628c5c6aa80b9
✨ Following gut feelings... Tested: 5,890,000 | Rate: 493500/s | Key: 0x50a99c57f98f6712db3da8b0b5764aef1a
✨ Following gut feelings... Tested: 5,900,000 | Rate: 493343/s | Key: 0x56fae0d17a23b4071d08c6f99bda2d2008
✨ Following gut feelings... Tested: 5,910,000 | Rate: 493190/s | Key: 0x7cc74904d3d972a0ba94ee0c750cf8111e
✨ Following gut feelings... Tested: 5,920,000 | Rate: 492707/s | Key: 0x716d291e86590f527eff702034bd551ef4
✨ Following gut feelings... Tested: 5,930,000 | Rate: 492390/s | Key: 0x72e569ca6fb574d1f88aaeccb7c42d2b09
✨ Following gut feelings... Tested: 5,940,000 | Rate: 492076/s | Key: 0x5098fb0358a98067fc3134ba5ca85d6e2c
✨ Following gut feelings... Tested: 5,950,000 | Rate: 491762/s | Key: 0x4a25c9f7054a67ee11de1f56cadad19a10
✨ Following gut feelings... Tested: 5,960,000 | Rate: 491450/s | Key: 0x772b2d22e98abfe10d561fc643f1402dff
✨ Following gut feelings... Tested: 5,970,000 | Rate: 491301/s | Key: 0x697fd307178d534e1ba874553ca5f9b797
✨ Following gut feelings... Tested: 5,980,000 | Rate: 491152/s | Key: 0x4ba246d427c7d1d65392cdd2c49714e0bc
✨ Following gut feelings... Tested: 5,990,000 | Rate: 491004/s | Key: 0x43befdaa43dd4768deceec276549d09e9c
✨ Following gut feelings... Tested: 6,000,000 | Rate: 490304/s | Key: 0x43b34232ce08715db720c2f9075cc21c78
✨ Following gut feelings... Tested: 6,010,000 | Rate: 490731/s | Key: 0x6f760c7487d70979616988fc4cf3b30033
✨ Following gut feelings... Tested: 6,020,000 | Rate: 490820/s | Key: 0x53f5bdff0efbf8dd3ef0aa5e93046e4878
✨ Following gut feelings... Tested: 6,030,000 | Rate: 491474/s | Key: 0x44de913841cd2402326f274acfcc39d0f2
✨ Following gut feelings... Tested: 6,040,000 | Rate: 491008/s | Key: 0x4672916b605288fce1bebfd7e9b26562da
✨ Following gut feelings... Tested: 6,050,000 | Rate: 490538/s | Key: 0x57859bac2f1c86cd579571f66b4fdc4c68
✨ Following gut feelings... Tested: 6,060,000 | Rate: 490552/s | Key: 0x6cb05ba9ddbed343b0dc441bd34be79ad5
✨ Following gut feelings... Tested: 6,070,000 | Rate: 490564/s | Key: 0x4f8f067dcd686cd4fc6f33a60f2efe8c8b
✨ Following gut feelings... Tested: 6,080,000 | Rate: 490103/s | Key: 0x43637c664810f9e6c393d0438f24c1736d
✨ Following gut feelings... Tested: 6,090,000 | Rate: 489956/s | Key: 0x6129c61b9f174f8369aae9e63341a5e7ee
✨ Following gut feelings... Tested: 6,100,000 | Rate: 489814/s | Key: 0x794f866f5e30f79085c1ee2e9f535bc7b5
✨ Following gut feelings... Tested: 6,110,000 | Rate: 489639/s | Key: 0x7dd37e7dc0a860da8cdedd441cfc3aff37
✨ Following gut feelings... Tested: 6,120,000 | Rate: 489810/s | Key: 0x5c0454d40e0d86a6a33743b089d9244df7
✨ Following gut feelings... Tested: 6,130,000 | Rate: 489827/s | Key: 0x615ded235eaa479773de7287dce32e2f8d
✨ Following gut feelings... Tested: 6,140,000 | Rate: 489959/s | Key: 0x78a10729709b58bde74e7730407b6b2524
✨ Following gut feelings... Tested: 6,150,000 | Rate: 489976/s | Key: 0x5db6d04c129205a70cceea35db8699985e
✨ Following gut feelings... Tested: 6,160,000 | Rate: 489993/s | Key: 0x4413a0fe3a71235bd8f75ef3733b812945
✨ Following gut feelings... Tested: 6,170,000 | Rate: 490008/s | Key: 0x723ccd233615893710aa60776eec3c3cdf
✨ Following gut feelings... Tested: 6,180,000 | Rate: 490179/s | Key: 0x68bd9d6cc13ea2e919e234149ce6b4dde9
✨ Following gut feelings... Tested: 6,190,000 | Rate: 490039/s | Key: 0x51c72ea57e5196d0c9740c53e145381009
✨ Following gut feelings... Tested: 6,200,000 | Rate: 489899/s | Key: 0x5216c0891c30fdceaeeab367e363da0325
✨ Following gut feelings... Tested: 6,210,000 | Rate: 489914/s | Key: 0x7fee171a018b04a1fc6529e025a7b7a290
✨ Following gut feelings... Tested: 6,220,000 | Rate: 489931/s | Key: 0x46236008b996d5877ab85cfb7a336bf2d4
✨ Following gut feelings... Tested: 6,230,000 | Rate: 489946/s | Key: 0x6211544c234539edc0958fa20b6eedcc86
✨ Following gut feelings... Tested: 6,240,000 | Rate: 489961/s | Key: 0x528d191988308035dae6e7efec0c1f8d45
✨ Following gut feelings... Tested: 6,250,000 | Rate: 489976/s | Key: 0x401e4f0b3bca26c1d7366f1db761cba745
✨ Following gut feelings... Tested: 6,260,000 | Rate: 489987/s | Key: 0x57cab885aebc370c940ac0f07d2299e389
✨ Following gut feelings... Tested: 6,270,000 | Rate: 490152/s | Key: 0x6e113e2207a90d61cb82f04d7b08eaabd7
✨ Following gut feelings... Tested: 6,280,000 | Rate: 490162/s | Key: 0x5180c9fb42296e2ec1c3aae825eea9942f
✨ Following gut feelings... Tested: 6,290,000 | Rate: 489871/s | Key: 0x5afc4c026b8385b391d2f48dc93cd86e36
✨ Following gut feelings... Tested: 6,300,000 | Rate: 489734/s | Key: 0x7fbfe4aecd3dd09952c9664950a87f76a1
✨ Following gut feelings... Tested: 6,310,000 | Rate: 489751/s | Key: 0x75e6bbaae52014f3f78953964b7499feba
✨ Following gut feelings... Tested: 6,320,000 | Rate: 489461/s | Key: 0x6dce33743bf7190c0a545702ba03dced4a
✨ Following gut feelings... Tested: 6,330,000 | Rate: 489454/s | Key: 0x7af35a4d827931d7a0c2dd6fd741203f94
✨ Following gut feelings... Tested: 6,340,000 | Rate: 489617/s | Key: 0x7c8554f266a43ec7c4b4e1288115fddc8e
✨ Following gut feelings... Tested: 6,350,000 | Rate: 489633/s | Key: 0x7cae2f2272a3e131a8694b36850b92dd2f
✨ Following gut feelings... Tested: 6,360,000 | Rate: 489496/s | Key: 0x783113be5317cb708c0ebfa8e53a6dcc05
✨ Following gut feelings... Tested: 6,370,000 | Rate: 489661/s | Key: 0x5b8b740399a4c6bbdb3dd2c68d1e38f345
✨ Following gut feelings... Tested: 6,380,000 | Rate: 489676/s | Key: 0x67484581bd3f7116ee5c21cbee163dd5fb
✨ Following gut feelings... Tested: 6,390,000 | Rate: 489690/s | Key: 0x7bdb702adc2debd0e9abebd5403fccd011
✨ Following gut feelings... Tested: 6,400,000 | Rate: 489707/s | Key: 0x7c83931619a7744ae9131f3a7504859045
✨ Following gut feelings... Tested: 6,410,000 | Rate: 489721/s | Key: 0x5c93678a7c71881cd3591d96481fb8c544
✨ Following gut feelings... Tested: 6,420,000 | Rate: 489737/s | Key: 0x68356b7cfbad0ca3b3474d8217b8ac21a6
✨ Following gut feelings... Tested: 6,430,000 | Rate: 489604/s | Key: 0x716d6e7e8ad6ecfccc88e8f482f3f85861
✨ Following gut feelings... Tested: 6,440,000 | Rate: 489618/s | Key: 0x4609859e65daad568912714317e2e5138f
✨ Following gut feelings... Tested: 6,450,000 | Rate: 489634/s | Key: 0x46e0cee08bf9d2e16f4cb9c0326056d8a0
✨ Following gut feelings... Tested: 6,460,000 | Rate: 489353/s | Key: 0x672d9a179506635a24fd8d1ddc8a818b9e
✨ Following gut feelings... Tested: 6,470,000 | Rate: 489516/s | Key: 0x61e080a01f650a2fc0ef738ca3f7f99323
✨ Following gut feelings... Tested: 6,480,000 | Rate: 489235/s | Key: 0x7c44ecb53b56c198bef4a748fa86577af5
✨ Following gut feelings... Tested: 6,490,000 | Rate: 489101/s | Key: 0x6292f395304d0356a3aac2ce223066a1f9
✨ Following gut feelings... Tested: 6,500,000 | Rate: 488379/s | Key: 0x70c2538ce97b1b47a737f343777d3466f1
✨ Following gut feelings... Tested: 6,510,000 | Rate: 488537/s | Key: 0x45ef582a8baf945c1e9043b4aec9a42be9
✨ Following gut feelings... Tested: 6,520,000 | Rate: 488415/s | Key: 0x4c61dc4ec6a36b0b144404f09e92b8109b
✨ Following gut feelings... Tested: 6,530,000 | Rate: 488431/s | Key: 0x4510129348dda398915297c997d3450e87
✨ Following gut feelings... Tested: 6,540,000 | Rate: 488446/s | Key: 0x5d9396fa95bbb0d30ef066da618c1d12d6
✨ Following gut feelings... Tested: 6,550,000 | Rate: 488463/s | Key: 0x5de45a9f99c32c72ba473bfda502063fe3
✨ Following gut feelings... Tested: 6,560,000 | Rate: 488481/s | Key: 0x7474414b28c41db321849ecc4b82aa3867
✨ Following gut feelings... Tested: 6,570,000 | Rate: 488490/s | Key: 0x42f294552863aaae6e330bedfe81d65820
✨ Following gut feelings... Tested: 6,580,000 | Rate: 488767/s | Key: 0x47417c10a585f3eaef556e1816f9c6491b
✨ Following gut feelings... Tested: 6,590,000 | Rate: 489363/s | Key: 0x71dd81def9ade9e1821f1b275e2194b774
✨ Following gut feelings... Tested: 6,600,000 | Rate: 488623/s | Key: 0x6620437eebf484d427fbf863c4a33f0e50
✨ Following gut feelings... Tested: 6,610,000 | Rate: 488635/s | Key: 0x700250848c98c1b203715d29e1b9edb512
✨ Following gut feelings... Tested: 6,620,000 | Rate: 488651/s | Key: 0x51d28fd4a298776fc351817e018a4922d8
✨ Following gut feelings... Tested: 6,630,000 | Rate: 488668/s | Key: 0x4a11de8770f6aa273cdf53eb20ae18f070
✨ Following gut feelings... Tested: 6,640,000 | Rate: 488684/s | Key: 0x51f27dff7d287d79b24705e161b9ae9106
✨ Following gut feelings... Tested: 6,650,000 | Rate: 488708/s | Key: 0x54c6beffdefe9e084f3cd85c15e7e78cd3
✨ Following gut feelings... Tested: 6,660,000 | Rate: 489154/s | Key: 0x730f542bc04ac1f3edcc752d3b8ab21cf1
✨ Following gut feelings... Tested: 6,670,000 | Rate: 489092/s | Key: 0x79d821881df7746e5cb2119d1d30c92db9
✨ Following gut feelings... Tested: 6,680,000 | Rate: 489182/s | Key: 0x79408bf703b4504a98383473314ad31b8d
✨ Following gut feelings... Tested: 6,690,000 | Rate: 489339/s | Key: 0x567c6b38569e0528a9fc90ad5fbd430609
✨ Following gut feelings... Tested: 6,700,000 | Rate: 489495/s | Key: 0x602718ac7ea12177091ab5e3b30c8fbceb
✨ Following gut feelings... Tested: 6,710,000 | Rate: 489683/s | Key: 0x6b32fd118257544abe65ce12ce12b469b7
✨ Following gut feelings... Tested: 6,720,000 | Rate: 489983/s | Key: 0x407df68d704829c9c14dcf34a9aca72e6a
✨ Following gut feelings... Tested: 6,730,000 | Rate: 489584/s | Key: 0x427de176e319e46b8a993fb3d0df4f4712
✨ Following gut feelings... Tested: 6,740,000 | Rate: 488817/s | Key: 0x563cd7c021df16d6396511b4c539dae527
✨ Following gut feelings... Tested: 6,750,000 | Rate: 488793/s | Key: 0x6ad07d7e2390c0b16f8acc7ec252d62a20
✨ Following gut feelings... Tested: 6,760,000 | Rate: 488963/s | Key: 0x5cd5509277be95830c35b1b32bba0b20d2
✨ Following gut feelings... Tested: 6,770,000 | Rate: 489543/s | Key: 0x5ea5f04f9a59e621958bb3d1d67b41f266
✨ Following gut feelings... Tested: 6,780,000 | Rate: 489569/s | Key: 0x555346bfeb1962a4a46b0bcd963a165359
✨ Following gut feelings... Tested: 6,790,000 | Rate: 489138/s | Key: 0x6ba966cb2e3450fc9f0824289b8a50db83
✨ Following gut feelings... Tested: 6,800,000 | Rate: 489288/s | Key: 0x64592b078ba726f2871930810bc586a6cc
✨ Following gut feelings... Tested: 6,810,000 | Rate: 489518/s | Key: 0x67cd052707b53335cd08ddd9fa962d0a7d
✨ Following gut feelings... Tested: 6,820,000 | Rate: 489673/s | Key: 0x68d8d0e62fb56ea46f767b6df38bec5163
✨ Following gut feelings... Tested: 6,830,000 | Rate: 489686/s | Key: 0x4f06a041fb5499f6f5dd95a9087b0eb7e5
✨ Following gut feelings... Tested: 6,840,000 | Rate: 489701/s | Key: 0x488495c7bfd803ac54a5e33bd64416e83e
✨ Following gut feelings... Tested: 6,850,000 | Rate: 489838/s | Key: 0x4ddc60039366576e988b4ffbb0e091c099
✨ Following gut feelings... Tested: 6,860,000 | Rate: 490004/s | Key: 0x7c62cafc8b7e622443002c6233bbd087d5
✨ Following gut feelings... Tested: 6,870,000 | Rate: 490058/s | Key: 0x7a33e88a29db8191e739c0f25fda26da9c
✨ Following gut feelings... Tested: 6,880,000 | Rate: 490218/s | Key: 0x6ef042b28208856350af2e6226ba0f4b3a
✨ Following gut feelings... Tested: 6,890,000 | Rate: 490232/s | Key: 0x582d0070c0e0a71241dd6ddfaf0889a1df
✨ Following gut feelings... Tested: 6,900,000 | Rate: 490183/s | Key: 0x4541ed0a6ef8e8825adaee099f79321250
✨ Following gut feelings... Tested: 6,910,000 | Rate: 490336/s | Key: 0x5ac50ab1597bbe1b9d2454dbcc63b21ee8
✨ Following gut feelings... Tested: 6,920,000 | Rate: 490064/s | Key: 0x4693e9e6e101c7089aae181f0b5c68fa77
✨ Following gut feelings... Tested: 6,930,000 | Rate: 489930/s | Key: 0x7f9c19a0318909b19399ca574c495d3150
✨ Following gut feelings... Tested: 6,940,000 | Rate: 489805/s | Key: 0x7845d3b8392ebb31f2624cdf6627d2a937
✨ Following gut feelings... Tested: 6,950,000 | Rate: 489816/s | Key: 0x5d5314d683d801f870cb5eb8499dee8247
✨ Following gut feelings... Tested: 6,960,000 | Rate: 489828/s | Key: 0x6a42d7efdcc2383c798d2a1135383d6f6b
✨ Following gut feelings... Tested: 6,970,000 | Rate: 489703/s | Key: 0x75c0355f15b953b5ceea3ee6e8c1a27848
✨ Following gut feelings... Tested: 6,980,000 | Rate: 488992/s | Key: 0x5d991c45ec4699732df3fce660765c71dc
✨ Following gut feelings... Tested: 6,990,000 | Rate: 489208/s | Key: 0x7b303d5ab052ca235f7a07432b2b42399f
✨ Following gut feelings... Tested: 7,000,000 | Rate: 489772/s | Key: 0x54e19015ebc6e63cb76d63f3db4a9773b7
✨ Following gut feelings... Tested: 7,010,000 | Rate: 489406/s | Key: 0x520fb7c3a3a503d02b58b0ac1bc237100d
✨ Following gut feelings... Tested: 7,020,000 | Rate: 489374/s | Key: 0x562c6fd9d24e09a5ea95f42eeab68ea744
✨ Following gut feelings... Tested: 7,030,000 | Rate: 489387/s | Key: 0x48758170fd1aa439ca98d990a7a8433b1a
✨ Following gut feelings... Tested: 7,040,000 | Rate: 488963/s | Key: 0x69f6fcaf2b952005a556ad7166574746d1
✨ Following gut feelings... Tested: 7,050,000 | Rate: 489214/s | Key: 0x6dcd6fb61aec911ca17a40dc544e4ba647
✨ Following gut feelings... Tested: 7,060,000 | Rate: 489500/s | Key: 0x7cb65fcf88458417400d98842bbb2b333f
✨ Following gut feelings... Tested: 7,070,000 | Rate: 489440/s | Key: 0x7135c5e208db9f8e3aaf5e9fce9377344b
✨ Following gut feelings... Tested: 7,080,000 | Rate: 489996/s | Key: 0x7471a37e177760282ecdd95241b35b4e51
✨ Following gut feelings... Tested: 7,090,000 | Rate: 489703/s | Key: 0x7b286a2bce1de6f063f1140a9e504b89d5
✨ Following gut feelings... Tested: 7,100,000 | Rate: 489714/s | Key: 0x4ec06f2b9fcd85979084e33f9feee93cb1
✨ Following gut feelings... Tested: 7,110,000 | Rate: 489635/s | Key: 0x4f751634bd855d935fe8fbe705e593a657
✨ Following gut feelings... Tested: 7,120,000 | Rate: 489415/s | Key: 0x5079d755f04584144dadbcd1560bfd8a08
✨ Following gut feelings... Tested: 7,130,000 | Rate: 489572/s | Key: 0x5d7fecf21e37d87c6b799a6cbcce958575
✨ Following gut feelings... Tested: 7,140,000 | Rate: 489478/s | Key: 0x4a905cf09bde46d4474d815523a0c8b3a1
✨ Following gut feelings... Tested: 7,150,000 | Rate: 489652/s | Key: 0x7a9521db0350402a69cc91564ffa89a8f4
✨ Following gut feelings... Tested: 7,160,000 | Rate: 489225/s | Key: 0x798aedc048254c90221fbc40ede537753f
✨ Following gut feelings... Tested: 7,170,000 | Rate: 489214/s | Key: 0x42cbfe53da2c539179f9b478d9cd828f13
✨ Following gut feelings... Tested: 7,180,000 | Rate: 488691/s | Key: 0x6a9d31908a212bcfd092f901ba6a7ca2d1
✨ Following gut feelings... Tested: 7,190,000 | Rate: 488605/s | Key: 0x6610dcf46faa51293b96d1103cc02da134
✨ Following gut feelings... Tested: 7,200,000 | Rate: 488222/s | Key: 0x43128af856315c4b5ba5f717634709eb55
✨ Following gut feelings... Tested: 7,210,000 | Rate: 488269/s | Key: 0x6381f8063d0f58b10140d609d81df65239
✨ Following gut feelings... Tested: 7,220,000 | Rate: 488493/s | Key: 0x5e00e7f2dd41e7a8e74e4546812f531e5f
✨ Following gut feelings... Tested: 7,230,000 | Rate: 488750/s | Key: 0x4104f0b92d00881c26251690b21048e65e
✨ Following gut feelings... Tested: 7,240,000 | Rate: 489161/s | Key: 0x79f7813bc01996d413750540982359f5ce
✨ Following gut feelings... Tested: 7,250,000 | Rate: 489302/s | Key: 0x709d069416689d618d2e45468e54c7f701
✨ Following gut feelings... Tested: 7,260,000 | Rate: 489472/s | Key: 0x63b4a180306d80dcab22a41d929b880a88
✨ Following gut feelings... Tested: 7,270,000 | Rate: 489614/s | Key: 0x526e0a8a54f8b2538ec7e3ba9d9b17dc96
✨ Following gut feelings... Tested: 7,280,000 | Rate: 489629/s | Key: 0x6d7490a7c51345e85f17ac4fb1b9c36550
✨ Following gut feelings... Tested: 7,290,000 | Rate: 489806/s | Key: 0x4e823910ec361269667bc3fb86d3a1665b
✨ Following gut feelings... Tested: 7,300,000 | Rate: 489688/s | Key: 0x793c57a9e55ed20f24f7a997f50593b63e
✨ Following gut feelings... Tested: 7,310,000 | Rate: 489860/s | Key: 0x77dfd43f7194d8a1df095ec0772b3c7cfb
✨ Following gut feelings... Tested: 7,320,000 | Rate: 489955/s | Key: 0x6fd20636abea6c11768be9d91103bcc322
✨ Following gut feelings... Tested: 7,330,000 | Rate: 490096/s | Key: 0x5758f68c5e4eedaecdb723386110113e4d
✨ Following gut feelings... Tested: 7,340,000 | Rate: 489989/s | Key: 0x76703371870b15cce7d6d23baed1eea80e
✨ Following gut feelings... Tested: 7,350,000 | Rate: 490393/s | Key: 0x611109c44f2fa03018eca8a2d83fb3d830
✨ Following gut feelings... Tested: 7,360,000 | Rate: 490652/s | Key: 0x630ca7e18d76a2da7895ab1b3824691a09
✨ Following gut feelings... Tested: 7,370,000 | Rate: 490795/s | Key: 0x663ae175ffa6d9a6f7c0b93294ff513317
✨ Following gut feelings... Tested: 7,380,000 | Rate: 490501/s | Key: 0x58b64376d4ff795f8a6bab1175c3f28cf7
✨ Following gut feelings... Tested: 7,390,000 | Rate: 490513/s | Key: 0x75b98b53aad41d7c8b8cfa09bc118b686b
✨ Following gut feelings... Tested: 7,400,000 | Rate: 490317/s | Key: 0x688eb2470f07fe0ccf839bb9770fac6725
✨ Following gut feelings... Tested: 7,410,000 | Rate: 490850/s | Key: 0x41c1ebd1131955d0c0e8055b81417eb274
✨ Following gut feelings... Tested: 7,420,000 | Rate: 490083/s | Key: 0x46f5824101a92925ae1a73a147ffbda9e6
✨ Following gut feelings... Tested: 7,430,000 | Rate: 489835/s | Key: 0x4b269aa8165a7ee86b4a7c67496754cd4f
✨ Following gut feelings... Tested: 7,440,000 | Rate: 489427/s | Key: 0x70a1c851f63b8c73b81c877b395fb24d4f
✨ Following gut feelings... Tested: 7,450,000 | Rate: 489631/s | Key: 0x453dbc56990636a4236488437dbf78c714
✨ Following gut feelings... Tested: 7,460,000 | Rate: 489901/s | Key: 0x4a3567123cf3f1d1b7d29d6796b6ee174d
✨ Following gut feelings... Tested: 7,470,000 | Rate: 489910/s | Key: 0x78339da6df977cd1363f248c5135bc3df1
✨ Following gut feelings... Tested: 7,480,000 | Rate: 490052/s | Key: 0x6aa1068b61792e3a7f8ab4432d8a2b5837
✨ Following gut feelings... Tested: 7,490,000 | Rate: 490577/s | Key: 0x6406b23dfea2f8922ba719e42696e88bcf
✨ Following gut feelings... Tested: 7,500,000 | Rate: 490718/s | Key: 0x796d9e2513c4e611a94eba8f6c0f542bfe
✨ Following gut feelings... Tested: 7,510,000 | Rate: 490730/s | Key: 0x7ba0533f198d62a51f47b6206a7331ec70
✨ Following gut feelings... Tested: 7,520,000 | Rate: 490690/s | Key: 0x4c75791c28151f42796dd01ce6eb3fab6f
✨ Following gut feelings... Tested: 7,530,000 | Rate: 490959/s | Key: 0x48adea33f3f3593450e80a993dfd4f76b6
✨ Following gut feelings... Tested: 7,540,000 | Rate: 491356/s | Key: 0x4a8f3589dcf09e3bbbd2257850ee52e1e6
✨ Following gut feelings... Tested: 7,550,000 | Rate: 490946/s | Key: 0x79c0a2b45a5ac7dcee56d015e56beca9cc
✨ Following gut feelings... Tested: 7,560,000 | Rate: 491081/s | Key: 0x660eb465bc04c9423755073ba0b3bd4f49
✨ Following gut feelings... Tested: 7,570,000 | Rate: 491220/s | Key: 0x45f04c9919f958c5f9a81656ab921055ba
✨ Following gut feelings... Tested: 7,580,000 | Rate: 491230/s | Key: 0x63b39058fb2e81e5cc545d46366aa5927c
✨ Following gut feelings... Tested: 7,590,000 | Rate: 491368/s | Key: 0x55d2fcf7c91e6e547c141b1d2d3d4ac2c9
✨ Following gut feelings... Tested: 7,600,000 | Rate: 491379/s | Key: 0x5a509c82288f4c922207ed40e2588a215b
✨ Following gut feelings... Tested: 7,610,000 | Rate: 491898/s | Key: 0x73da31c36c3a8ec3a9e13c7d873a145e2f
✨ Following gut feelings... Tested: 7,620,000 | Rate: 491941/s | Key: 0x768fa76dd2904a333c87db5f78c74132b4
✨ Following gut feelings... Tested: 7,630,000 | Rate: 490939/s | Key: 0x5f24cb847b43ecad001d3974a39b9708cf
✨ Following gut feelings... Tested: 7,640,000 | Rate: 490571/s | Key: 0x4732644de64e1f829f2c3eb2e7630a320e
✨ Following gut feelings... Tested: 7,650,000 | Rate: 490156/s | Key: 0x4d725d0a5bc7c34492af121ec579c13e1d
✨ Following gut feelings... Tested: 7,660,000 | Rate: 490523/s | Key: 0x6ccfe3dfe84d1232ca910b288d73e24b4c
✨ Following gut feelings... Tested: 7,670,000 | Rate: 490415/s | Key: 0x73daf691a9e071a133f980fb8cf94dbe98
✨ Following gut feelings... Tested: 7,680,000 | Rate: 490615/s | Key: 0x4ac04335eda1fcc922198fb5be6c577f4b
✨ Following gut feelings... Tested: 7,690,000 | Rate: 490750/s | Key: 0x6b5c76c3c95b1135a978d2e5b09d9b854c
✨ Following gut feelings... Tested: 7,700,000 | Rate: 491006/s | Key: 0x45057c42b96e3a74f1cd9c755999a9c876
✨ Following gut feelings... Tested: 7,710,000 | Rate: 491517/s | Key: 0x4b16840fbf0288cb8e20f2dbbfb4d56078
✨ Following gut feelings... Tested: 7,720,000 | Rate: 492028/s | Key: 0x5214cb29810c042b6fd66cc1b5b0fb8c09
✨ Following gut feelings... Tested: 7,730,000 | Rate: 492190/s | Key: 0x529707b2b8a4949ced54cf3398568a48de
✨ Following gut feelings... Tested: 7,740,000 | Rate: 492450/s | Key: 0x7a44c60d276b1feada86c2f0f59a99ba74
✨ Following gut feelings... Tested: 7,750,000 | Rate: 492902/s | Key: 0x65ba1b5d10d8927361657f1b60e1075681
✨ Following gut feelings... Tested: 7,760,000 | Rate: 493204/s | Key: 0x7e4893d2a44b83d80b44da88ef4431c5f5
✨ Following gut feelings... Tested: 7,770,000 | Rate: 493660/s | Key: 0x415f59ae2e9098b395a00186cf885f54cf
✨ Following gut feelings... Tested: 7,780,000 | Rate: 494170/s | Key: 0x6856dbbd9c638e308ea6c180209a4ecedd
✨ Following gut feelings... Tested: 7,790,000 | Rate: 494199/s | Key: 0x44b3646094c17105cdb00c471c6ccd5946
✨ Following gut feelings... Tested: 7,800,000 | Rate: 494446/s | Key: 0x619404fabb2d98d621a65755daffa231db
✨ Following gut feelings... Tested: 7,810,000 | Rate: 494604/s | Key: 0x7c7152e6699e4778f7f2940bc455705af8
✨ Following gut feelings... Tested: 7,820,000 | Rate: 494947/s | Key: 0x67dfd4ad0dd0c3ee331ceaf0910cb1edf0
✨ Following gut feelings... Tested: 7,830,000 | Rate: 494828/s | Key: 0x639a3f2fe126f7b91acfbb75deab98d5ee
✨ Following gut feelings... Tested: 7,840,000 | Rate: 494834/s | Key: 0x499e399e41b4840ab9a9de0958df7da887
✨ Following gut feelings... Tested: 7,850,000 | Rate: 494779/s | Key: 0x628ea2c6cc0a59492c5ecf8cb367825941
✨ Following gut feelings... Tested: 7,860,000 | Rate: 494537/s | Key: 0x4f67d888d523865b44e2889cdb150164a5
✨ Following gut feelings... Tested: 7,870,000 | Rate: 494418/s | Key: 0x417845bac976137161fd2784f3665fa2af
✨ Following gut feelings... Tested: 7,880,000 | Rate: 494459/s | Key: 0x73fafd453e3c94f6550b9e15dd4b4788bd
✨ Following gut feelings... Tested: 7,890,000 | Rate: 494620/s | Key: 0x7cb2dc63fa756ac78a9ac9c5c23e940155
✨ Following gut feelings... Tested: 7,900,000 | Rate: 493570/s | Key: 0x720f24e3fdf33d2d4412945990ee5e1db5
✨ Following gut feelings... Tested: 7,910,000 | Rate: 493183/s | Key: 0x53ef97b33c0d9f226418c55960736ecaa6
✨ Following gut feelings... Tested: 7,920,000 | Rate: 493164/s | Key: 0x5ddb8ab44dfa36e6585291a9bb1f546ca0
✨ Following gut feelings... Tested: 7,930,000 | Rate: 493330/s | Key: 0x54338b9325ede902b9e94c4fb39e7eda95
✨ Following gut feelings... Tested: 7,940,000 | Rate: 493762/s | Key: 0x7f24e68b328138272138993f3fb8815f9f
✨ Following gut feelings... Tested: 7,950,000 | Rate: 493864/s | Key: 0x44646852fa097b07e887e84d41cfb9ab07
✨ Following gut feelings... Tested: 7,960,000 | Rate: 494113/s | Key: 0x5b9e7aeb0b112f4ce5ead18a8c39ad4407
✨ Following gut feelings... Tested: 7,970,000 | Rate: 494363/s | Key: 0x4efc2ba621035e19047dac795d2fb24b50
✨ Following gut feelings... Tested: 7,980,000 | Rate: 494555/s | Key: 0x5ca27c40416312457ea10fb43bf32ab61f
✨ Following gut feelings... Tested: 7,990,000 | Rate: 494808/s | Key: 0x71e2cb1991163cad6cd5d9212ecd32ca58
✨ Following gut feelings... Tested: 8,000,000 | Rate: 494937/s | Key: 0x4e831a300322a39508eafe7ba677b2d71e
✨ Following gut feelings... Tested: 8,010,000 | Rate: 495432/s | Key: 0x628c64cef1adf81c0e5a63b17eb58962f4
✨ Following gut feelings... Tested: 8,020,000 | Rate: 495728/s | Key: 0x7de421795460671e6305108fc5b1ac6ac1
✨ Following gut feelings... Tested: 8,030,000 | Rate: 496067/s | Key: 0x59b86d6c0c82045d78b262f090a7b1a7d2
✨ Following gut feelings... Tested: 8,040,000 | Rate: 496562/s | Key: 0x6f725e96552765f8a587d87a5548e4608a
✨ Following gut feelings... Tested: 8,050,000 | Rate: 497057/s | Key: 0x645e7f35af21800219dd626782e46a4348
✨ Following gut feelings... Tested: 8,060,000 | Rate: 497159/s | Key: 0x4f823834ec965fcc81aea3d7db10079791
✨ Following gut feelings... Tested: 8,070,000 | Rate: 497285/s | Key: 0x61afd259da47e3d933bf1a6261ec51d8f6
✨ Following gut feelings... Tested: 8,080,000 | Rate: 497529/s | Key: 0x60be7fd966cb2ccdab97dbf00c5bed933e
✨ Following gut feelings... Tested: 8,090,000 | Rate: 497459/s | Key: 0x44777677423340b01f19bc396ccd9392f9
✨ Following gut feelings... Tested: 8,100,000 | Rate: 497582/s | Key: 0x6d7ca58d77f5bdb2d97b29ce7cab427687
✨ Following gut feelings... Tested: 8,110,000 | Rate: 497462/s | Key: 0x7552a6fa9f37e09e0a994fd76781c690a5
✨ Following gut feelings... Tested: 8,120,000 | Rate: 497466/s | Key: 0x67bd15baabaf52862cb3e34b9cfe19439d
✨ Following gut feelings... Tested: 8,130,000 | Rate: 497591/s | Key: 0x4f540476ff9ed7057d3c4b6513d7b082b8
✨ Following gut feelings... Tested: 8,140,000 | Rate: 497676/s | Key: 0x4d8cf583a7e903d0e8541b73d7af4a160d
✨ Following gut feelings... Tested: 8,150,000 | Rate: 498165/s | Key: 0x641f9c33e2ba63e84aa4bb4dfd76c61d9e
✨ Following gut feelings... Tested: 8,160,000 | Rate: 498653/s | Key: 0x7475a618dfa6f111b482da8747f82d1538
✨ Following gut feelings... Tested: 8,170,000 | Rate: 499143/s | Key: 0x78a0f9eee9d21d503506c585f3000b2180
✨ Following gut feelings... Tested: 8,180,000 | Rate: 499083/s | Key: 0x4a61c5549b33b21c1088f1cc9267f05fc3
✨ Following gut feelings... Tested: 8,190,000 | Rate: 498563/s | Key: 0x53b24a94688eddd821cf000b7623e36064
✨ Following gut feelings... Tested: 8,200,000 | Rate: 498685/s | Key: 0x7cdf0869fe4f6ed90d8f298883fb0b2161
✨ Following gut feelings... Tested: 8,210,000 | Rate: 498319/s | Key: 0x5678621d2a9a8aed372a2f34d78538241f
✨ Following gut feelings... Tested: 8,220,000 | Rate: 498079/s | Key: 0x4d258e77c90cdc7200c0fee9154d98c66e
✨ Following gut feelings... Tested: 8,230,000 | Rate: 497934/s | Key: 0x6de4b109e005db1083eef668a143e3a793
✨ Following gut feelings... Tested: 8,240,000 | Rate: 497759/s | Key: 0x7176978400449a2d68368cc0960d1ccb6d
✨ Following gut feelings... Tested: 8,250,000 | Rate: 497707/s | Key: 0x7dd12aaf9b4822998505e04e6423346817
✨ Following gut feelings... Tested: 8,260,000 | Rate: 497709/s | Key: 0x41c13670b32d35e9305a89e064ae6ad131
✨ Following gut feelings... Tested: 8,270,000 | Rate: 497591/s | Key: 0x5acf606d2984b686168afb144995e8e7b8
✨ Following gut feelings... Tested: 8,280,000 | Rate: 497526/s | Key: 0x4c269544bf1eae3b976c64772ee6ae7bc3
✨ Following gut feelings... Tested: 8,290,000 | Rate: 497535/s | Key: 0x4e5d176b448b0230fd9f0014568901445a
✨ Following gut feelings... Tested: 8,300,000 | Rate: 497702/s | Key: 0x6928ab5d49249d198f2c3b7df6a79069c7
✨ Following gut feelings... Tested: 8,310,000 | Rate: 497822/s | Key: 0x7db9cf6973f251d94e5d4feac97b323dbc
✨ Following gut feelings... Tested: 8,320,000 | Rate: 497824/s | Key: 0x4a034d77472914eb92dac0a71fcd889fd7
✨ Following gut feelings... Tested: 8,330,000 | Rate: 497963/s | Key: 0x4ff8dfd84ea48e7b8695ffb2415428dc70
✨ Following gut feelings... Tested: 8,340,000 | Rate: 497846/s | Key: 0x4e5f20d050670eb3572590b0635c8b9fd0
✨ Following gut feelings... Tested: 8,350,000 | Rate: 497580/s | Key: 0x7e5558cd4df30d99edaa3f7d786d42c48b
✨ Following gut feelings... Tested: 8,360,000 | Rate: 497738/s | Key: 0x7cf99d41f6d8e3697f4742ca7f49eb543f
✨ Following gut feelings... Tested: 8,370,000 | Rate: 498212/s | Key: 0x4ece5a19f637cd4c6a7cbf514d2207e8d8
✨ Following gut feelings... Tested: 8,380,000 | Rate: 498077/s | Key: 0x4330d81e3968d46fdf27b351381ae9adcf
✨ Following gut feelings... Tested: 8,390,000 | Rate: 497934/s | Key: 0x6d01b8ec99f9acb33155d47104fd091e79
✨ Following gut feelings... Tested: 8,400,000 | Rate: 498030/s | Key: 0x6d34d76cc1956d52d3deffc0469b58bdc7
✨ Following gut feelings... Tested: 8,410,000 | Rate: 497821/s | Key: 0x5947292c46fd191dd538ce12783001c025
✨ Following gut feelings... Tested: 8,420,000 | Rate: 497908/s | Key: 0x62dcdc22d2ae7ab55802b9e4e98a468592
✨ Following gut feelings... Tested: 8,430,000 | Rate: 498092/s | Key: 0x77a0869e23b5c8321dace370727eafa736
✨ Following gut feelings... Tested: 8,440,000 | Rate: 498212/s | Key: 0x7813106e970655f64ad46057121d6a9d63
✨ Following gut feelings... Tested: 8,450,000 | Rate: 498356/s | Key: 0x63352613fd0a2f4b08c2b180414f287acf
✨ Following gut feelings... Tested: 8,460,000 | Rate: 497991/s | Key: 0x6683b61c96923420fc9921299846d38bc7
✨ Following gut feelings... Tested: 8,470,000 | Rate: 497991/s | Key: 0x49aa5a188e97aafaf2782366ad990cd67e
✨ Following gut feelings... Tested: 8,480,000 | Rate: 497309/s | Key: 0x617363e6420922ba2921da8ba2ab8f2d8b
✨ Following gut feelings... Tested: 8,490,000 | Rate: 497778/s | Key: 0x55baa0e8cad3fd4b8739196666c21a299b
✨ Following gut feelings... Tested: 8,500,000 | Rate: 497376/s | Key: 0x783e699abead750668d40593cf69f6ab21
✨ Following gut feelings... Tested: 8,510,000 | Rate: 497303/s | Key: 0x68e410d3523d54856c10bc20c2a6ad28ae
✨ Following gut feelings... Tested: 8,520,000 | Rate: 497655/s | Key: 0x6795530d825d4da0e2c9ecdf9ddf168f8f
✨ Following gut feelings... Tested: 8,530,000 | Rate: 497657/s | Key: 0x7e4597c870c8459c3a18fb2f43ea8aa471
✨ Following gut feelings... Tested: 8,540,000 | Rate: 497611/s | Key: 0x607a79a295bac187d61d2cf400d90fce9d
✨ Following gut feelings... Tested: 8,550,000 | Rate: 497496/s | Key: 0x6605dd5008b5a9641a5fa9f92fd0bb2d78
✨ Following gut feelings... Tested: 8,560,000 | Rate: 497359/s | Key: 0x5a1f7e547aa4f7f65bdd480e39ab107157
✨ Following gut feelings... Tested: 8,570,000 | Rate: 497478/s | Key: 0x52084040b94d30ad07fde40a2bdfa90dd7
✨ Following gut feelings... Tested: 8,580,000 | Rate: 497421/s | Key: 0x75df13db0ecc8c941d313fe2d2ff2cf700
✨ Following gut feelings... Tested: 8,590,000 | Rate: 497391/s | Key: 0x41dcf18757cbedf272412364c0a740178f
✨ Following gut feelings... Tested: 8,600,000 | Rate: 497395/s | Key: 0x506bb86c65167cbe333eddeb5aa9ea4413
✨ Following gut feelings... Tested: 8,610,000 | Rate: 497169/s | Key: 0x6e6df8b87be9ad3a5657224e9313014675
✨ Following gut feelings... Tested: 8,620,000 | Rate: 497515/s | Key: 0x4093005f9e2772c58ba571bf43efdf6fe5
✨ Following gut feelings... Tested: 8,630,000 | Rate: 497175/s | Key: 0x45fe3c97ee55b3cc232ca532f24c6648a4
✨ Following gut feelings... Tested: 8,640,000 | Rate: 497407/s | Key: 0x6ef317c1b2f26c961b8412bf33110005e3
✨ Following gut feelings... Tested: 8,650,000 | Rate: 497296/s | Key: 0x6c46981b6967a3e38a2b5186d4280cb412
✨ Following gut feelings... Tested: 8,660,000 | Rate: 497299/s | Key: 0x6c6820156fd8db56cb132a84cce4ffe170
✨ Following gut feelings... Tested: 8,670,000 | Rate: 497301/s | Key: 0x5dc4c82334b600127908311912f2d138a5
✨ Following gut feelings... Tested: 8,680,000 | Rate: 497190/s | Key: 0x4d7886a506338afa081d81030abca28734
✨ Following gut feelings... Tested: 8,690,000 | Rate: 497348/s | Key: 0x7c98010cad7d7458c797b59a1e59f06f60
✨ Following gut feelings... Tested: 8,700,000 | Rate: 497805/s | Key: 0x490c68855f82a9d700a84e84d6732d8953
✨ Following gut feelings... Tested: 8,710,000 | Rate: 497579/s | Key: 0x405afa26d8bffe054a9d96ce06dd2bcb34
✨ Following gut feelings... Tested: 8,720,000 | Rate: 497694/s | Key: 0x44bc51700659932b4a601fbbb710501836
✨ Following gut feelings... Tested: 8,730,000 | Rate: 498037/s | Key: 0x5c6937a2fe9a443913e1b1629cbeed9776
✨ Following gut feelings... Tested: 8,740,000 | Rate: 497753/s | Key: 0x642838c5da378460c1d2b1d1403fec1a40
✨ Following gut feelings... Tested: 8,750,000 | Rate: 497732/s | Key: 0x4083cf8dc4c4c0c63af86fa7208610ac2c
✨ Following gut feelings... Tested: 8,760,000 | Rate: 497734/s | Key: 0x5ab283a9efb1a5459fcfa2d343be6fde0f
✨ Following gut feelings... Tested: 8,770,000 | Rate: 497732/s | Key: 0x4a880b6d6315c7ce161f8d82a4dd38b3a8
✨ Following gut feelings... Tested: 8,780,000 | Rate: 497734/s | Key: 0x53af48530038e6d8a0f36d01913bfe006e
✨ Following gut feelings... Tested: 8,790,000 | Rate: 497345/s | Key: 0x6b1bfe62bd6789df63d914e9abc7447330
✨ Following gut feelings... Tested: 8,800,000 | Rate: 497572/s | Key: 0x6a1154e888351cbbeaa3cde7f2cf970096
✨ Following gut feelings... Tested: 8,810,000 | Rate: 497575/s | Key: 0x5120c6cfcdee496ccd27be1376b283fcba
✨ Following gut feelings... Tested: 8,820,000 | Rate: 497802/s | Key: 0x7d0857b0cd0833fb611ac54a0af6185eef
✨ Following gut feelings... Tested: 8,830,000 | Rate: 497581/s | Key: 0x5f2336df25169d98b3e1f57cde9298a8b2
✨ Following gut feelings... Tested: 8,840,000 | Rate: 497583/s | Key: 0x6d0e901e5664991aa8bb524efb6a6247b1
✨ Following gut feelings... Tested: 8,850,000 | Rate: 497698/s | Key: 0x78965da470ce31ef6ffb656bda972b4487
✨ Following gut feelings... Tested: 8,860,000 | Rate: 497922/s | Key: 0x7498c144c70adca604035ef31f53048380
✨ Following gut feelings... Tested: 8,870,000 | Rate: 498260/s | Key: 0x5bac7ae56682fbbc9e2e2165e08bc05fa2
✨ Following gut feelings... Tested: 8,880,000 | Rate: 498585/s | Key: 0x6c8fff36b98c903f715818b9c875a77510
✨ Following gut feelings... Tested: 8,890,000 | Rate: 498474/s | Key: 0x6475262b9cc9eab3aff5e22ec08412f57a
✨ Following gut feelings... Tested: 8,900,000 | Rate: 498473/s | Key: 0x510c2fd7810653616adaff87c4cab1f1bd
✨ Following gut feelings... Tested: 8,910,000 | Rate: 498251/s | Key: 0x648e350f83306bebd020362939ae8d1ce3
✨ Following gut feelings... Tested: 8,920,000 | Rate: 498252/s | Key: 0x7df84431096d94bcc3ba80d549ebcaba53
✨ Following gut feelings... Tested: 8,930,000 | Rate: 498108/s | Key: 0x75643ee62e0e25f3708a9aac9215b2693d
✨ Following gut feelings... Tested: 8,940,000 | Rate: 498109/s | Key: 0x691a55080e810df4b6e6222adba2ea1fc6
✨ Following gut feelings... Tested: 8,950,000 | Rate: 498201/s | Key: 0x4a8258e0459ca75ef5f07def5926c7488b
✨ Following gut feelings... Tested: 8,960,000 | Rate: 498202/s | Key: 0x666e196539f3c60639f577fd78d5ee5b51
✨ Following gut feelings... Tested: 8,970,000 | Rate: 498313/s | Key: 0x78a3b60621dbeebd32ea36874209b2dac9
✨ Following gut feelings... Tested: 8,980,000 | Rate: 498362/s | Key: 0x777222bed7d755021f30fac961db425601
✨ Following gut feelings... Tested: 8,990,000 | Rate: 497934/s | Key: 0x749b1968f4768af6437baf219cab130ba3
✨ Following gut feelings... Tested: 9,000,000 | Rate: 497935/s | Key: 0x6e3cee66aa69e3ed2c4fd356271223873e
✨ Following gut feelings... Tested: 9,010,000 | Rate: 498048/s | Key: 0x6df4aef7e6ae949ea8986d9796d58afdc0
✨ Following gut feelings... Tested: 9,020,000 | Rate: 498380/s | Key: 0x7ec5c019d67746596375aa182a7be9f76b
✨ Following gut feelings... Tested: 9,030,000 | Rate: 498434/s | Key: 0x70b1052534b15154bd8197068c1551a576
✨ Following gut feelings... Tested: 9,040,000 | Rate: 498871/s | Key: 0x437770aad7e86bb89b6f389d7b66f0bdde
✨ Following gut feelings... Tested: 9,050,000 | Rate: 498653/s | Key: 0x4e5da4cac3635a6536e6a62fe283ae83a4
✨ Following gut feelings... Tested: 9,060,000 | Rate: 498764/s | Key: 0x57a93edf6f8d2867e53351e37dffa5cae3
✨ Following gut feelings... Tested: 9,070,000 | Rate: 498764/s | Key: 0x622940531dde949a1e6affa9136c17ed63
✨ Following gut feelings... Tested: 9,080,000 | Rate: 498765/s | Key: 0x4ab863ea7b58ee4a976277158af310c2b6
✨ Following gut feelings... Tested: 9,090,000 | Rate: 498766/s | Key: 0x52c724dd08fc3a438b688588c8f95c6258
✨ Following gut feelings... Tested: 9,100,000 | Rate: 498984/s | Key: 0x44e5bbfc1c615b39208229b86cde3ac955
✨ Following gut feelings... Tested: 9,110,000 | Rate: 499259/s | Key: 0x5f06f9b9ebed173462d289638276c5d406
✨ Following gut feelings... Tested: 9,120,000 | Rate: 499587/s | Key: 0x5eaffd4f84c5908801ea873108be0631db
✨ Following gut feelings... Tested: 9,130,000 | Rate: 498931/s | Key: 0x4308130c180c2ae8f9a09d43e111fdf4a9
✨ Following gut feelings... Tested: 9,140,000 | Rate: 498828/s | Key: 0x546c873e097c52738974bd2591ee0d0fe2
✨ Following gut feelings... Tested: 9,150,000 | Rate: 498503/s | Key: 0x550f6aadfdb440c936b2fdd8f6bacea21b
✨ Following gut feelings... Tested: 9,160,000 | Rate: 498286/s | Key: 0x761d20f0905649b4adda2115bb47595af4
✨ Following gut feelings... Tested: 9,170,000 | Rate: 498416/s | Key: 0x5e557490a4f067814df5f1eed4d522256d
✨ Following gut feelings... Tested: 9,180,000 | Rate: 498201/s | Key: 0x5c3711f04aa8dc7f158ec7fa7d91e99a0e
✨ Following gut feelings... Tested: 9,190,000 | Rate: 498201/s | Key: 0x5ba74c970b677dbac7cdedc409bacb4128
✨ Following gut feelings... Tested: 9,200,000 | Rate: 498204/s | Key: 0x60360da1fd7acb2766cb835f2e4dbb59fc
✨ Following gut feelings... Tested: 9,210,000 | Rate: 498190/s | Key: 0x6719aaa2d02b4afb8f5fded9e5a498d209
✨ Following gut feelings... Tested: 9,220,000 | Rate: 498190/s | Key: 0x4416727a0d24d1e57e807d2da866f969b6
✨ Following gut feelings... Tested: 9,230,000 | Rate: 498192/s | Key: 0x54a92d19256027bf525803d3dc9dececd7
✨ Following gut feelings... Tested: 9,240,000 | Rate: 498175/s | Key: 0x491c5a9487b9c6c38b3ebc7cd079167b68
✨ Following gut feelings... Tested: 9,250,000 | Rate: 498195/s | Key: 0x638d648c0c068234de7bb94d1e64628e55
✨ Following gut feelings... Tested: 9,260,000 | Rate: 498090/s | Key: 0x73913201daa49c8ea9f52743bcaf6bf552
✨ Following gut feelings... Tested: 9,270,000 | Rate: 498411/s | Key: 0x64b9a2cdfae95a3c6ca3b7a1254672baa7
✨ Following gut feelings... Tested: 9,280,000 | Rate: 498413/s | Key: 0x7c319e630f0daad8b0b34b27e07c3ee9fd
✨ Following gut feelings... Tested: 9,290,000 | Rate: 498465/s | Key: 0x40064cc1351a181f735d13d487d79c947e
✨ Following gut feelings... Tested: 9,300,000 | Rate: 498431/s | Key: 0x652e00cf75e21a158a4fb86ff05ca1fdb2
✨ Following gut feelings... Tested: 9,310,000 | Rate: 498216/s | Key: 0x7ad6686989db70c922a691ef1097d68e49
✨ Following gut feelings... Tested: 9,320,000 | Rate: 498111/s | Key: 0x4782f6d91fa85703120d8b3b6cc69509ea
✨ Following gut feelings... Tested: 9,330,000 | Rate: 498056/s | Key: 0x6298f011605011ecb38ccf2dbba4ec0be7
✨ Following gut feelings... Tested: 9,340,000 | Rate: 497843/s | Key: 0x4c8d75437c974d9612f651968427b52656
✨ Following gut feelings... Tested: 9,350,000 | Rate: 497739/s | Key: 0x5d9aa9b9009ef2b84b2ef75454dd6304d9
✨ Following gut feelings... Tested: 9,360,000 | Rate: 497674/s | Key: 0x42ee0431685efe23561a567176aec5603f
✨ Following gut feelings... Tested: 9,370,000 | Rate: 497464/s | Key: 0x5b67c654052d4c9d615485544f070f82be
✨ Following gut feelings... Tested: 9,380,000 | Rate: 497571/s | Key: 0x5ef63d6236762ff3ea566536d2d96f9035
✨ Following gut feelings... Tested: 9,390,000 | Rate: 497574/s | Key: 0x4bde7afc8cbaa33309d9bd0aef34bcd995
✨ Following gut feelings... Tested: 9,400,000 | Rate: 497498/s | Key: 0x7d88d785d1e25d3777539a69d670521825
✨ Following gut feelings... Tested: 9,410,000 | Rate: 497395/s | Key: 0x63cc82c4f474fab0ac5d470e5dbcdbc602
✨ Following gut feelings... Tested: 9,420,000 | Rate: 497397/s | Key: 0x5c9e73fb1154c5cf658f9bfeb0371755ef
✨ Following gut feelings... Tested: 9,430,000 | Rate: 497400/s | Key: 0x67fae8b44351da041e6a7f9fe5bd90da5b
✨ Following gut feelings... Tested: 9,440,000 | Rate: 497402/s | Key: 0x705b1a742a932e06c02a0e2384cec7e56a
✨ Following gut feelings... Tested: 9,450,000 | Rate: 497404/s | Key: 0x7cb26d31125ad75d1605b70c097d892624
✨ Following gut feelings... Tested: 9,460,000 | Rate: 497302/s | Key: 0x587f3d675ef8bf17ea55fe92b23f81daa4
✨ Following gut feelings... Tested: 9,470,000 | Rate: 497305/s | Key: 0x5c5f3b372d610f7ac2a27f7130d20af046
✨ Following gut feelings... Tested: 9,480,000 | Rate: 497412/s | Key: 0x7db1dcc1f66bb0360696003521b9d13d8e
✨ Following gut feelings... Tested: 9,490,000 | Rate: 497310/s | Key: 0x5c8aa1e4dd04a6cf75c8c16a988721115e
✨ Following gut feelings... Tested: 9,500,000 | Rate: 497390/s | Key: 0x56505ad862a940fa19ab2f1618d795725f
✨ Following gut feelings... Tested: 9,510,000 | Rate: 497497/s | Key: 0x78c7b629cd5c377bef2d31eb1dcd3a61e1
✨ Following gut feelings... Tested: 9,520,000 | Rate: 497504/s | Key: 0x61708ec1e4c7411a00cc653cfdb87877e1
✨ Following gut feelings... Tested: 9,530,000 | Rate: 497403/s | Key: 0x47751987c45ec009a60f25dae7ecdb6aeb
✨ Following gut feelings... Tested: 9,540,000 | Rate: 497508/s | Key: 0x70930c606af82614dbbd983134eaf2ff88
✨ Following gut feelings... Tested: 9,550,000 | Rate: 497613/s | Key: 0x59f58e8f6a1985baa4b2a24b38c0111072
✨ Following gut feelings... Tested: 9,560,000 | Rate: 497926/s | Key: 0x482cc8bd9101268677afb61ea605ca8c35
✨ Following gut feelings... Tested: 9,570,000 | Rate: 497744/s | Key: 0x5ca8f33494d8fac5d34a2a14d6c325419d
✨ Following gut feelings... Tested: 9,580,000 | Rate: 497538/s | Key: 0x60b8e2cf24088ca45f6a221b9656decde6
✨ Following gut feelings... Tested: 9,590,000 | Rate: 497438/s | Key: 0x563d2f657f998e2e1be3a654034dc36c30
✨ Following gut feelings... Tested: 9,600,000 | Rate: 497439/s | Key: 0x5d795cebead1eaa7cabc21a52fe57bbc23
✨ Following gut feelings... Tested: 9,610,000 | Rate: 497544/s | Key: 0x5382b769dc986b544e557e16f94bc2205d
✨ Following gut feelings... Tested: 9,620,000 | Rate: 497341/s | Key: 0x7e9fc391facd0c3bb8f9911a1c5df27bab
✨ Following gut feelings... Tested: 9,630,000 | Rate: 497241/s | Key: 0x65119d766b07f560c690782c8d1488ebf9
✨ Following gut feelings... Tested: 9,640,000 | Rate: 497140/s | Key: 0x7e5ca2b986ee6d5f11a22a0ee437353eb0
✨ Following gut feelings... Tested: 9,650,000 | Rate: 497142/s | Key: 0x42d3bfed65317a5f0515e0dd4c45b09e0a
✨ Following gut feelings... Tested: 9,660,000 | Rate: 497248/s | Key: 0x7110a1ce4eac86904c861a5b4e4b451cd1
✨ Following gut feelings... Tested: 9,670,000 | Rate: 497162/s | Key: 0x7616fb660cdfb928ccb76b337083caef62
✨ Following gut feelings... Tested: 9,680,000 | Rate: 497240/s | Key: 0x49b77f83d0ec0c947026286c5796fcae41
✨ Following gut feelings... Tested: 9,690,000 | Rate: 497243/s | Key: 0x45b9ea154e0ac98258cff773c62352dd61
✨ Following gut feelings... Tested: 9,700,000 | Rate: 497244/s | Key: 0x4b0681203666b29af41e242c46a217871b
✨ Following gut feelings... Tested: 9,710,000 | Rate: 497244/s | Key: 0x5d50668deac30dda194e822b36943f0afc
✨ Following gut feelings... Tested: 9,720,000 | Rate: 497244/s | Key: 0x5e90b8f8d91a0b08ef050e3c00cbd1b6fd
✨ Following gut feelings... Tested: 9,730,000 | Rate: 497247/s | Key: 0x40a37787ecaf88cbb167fb9dab0589d6cc
✨ Following gut feelings... Tested: 9,740,000 | Rate: 497249/s | Key: 0x665c266e27552347df1bd0325d660bff95
✨ Following gut feelings... Tested: 9,750,000 | Rate: 497353/s | Key: 0x41757560884cf31add7d85d9f745984071
✨ Following gut feelings... Tested: 9,760,000 | Rate: 497279/s | Key: 0x6dd0f7555d5b09704fa6e2f1b5cb61b9e7
✨ Following gut feelings... Tested: 9,770,000 | Rate: 496776/s | Key: 0x71580950d4064174dcf75db4a1cb020d6b
✨ Following gut feelings... Tested: 9,780,000 | Rate: 496961/s | Key: 0x75c6087e7a1bb970fab840904a8fe182f6
✨ Following gut feelings... Tested: 9,790,000 | Rate: 496762/s | Key: 0x61189149ee7d25c07ea8db7229b5c45b7c
✨ Following gut feelings... Tested: 9,800,000 | Rate: 496518/s | Key: 0x63522f530beb39d1d23a720677c5f71e92
✨ Following gut feelings... Tested: 9,810,000 | Rate: 496220/s | Key: 0x52fc08336f86df4ecfddee4e9f98908340
✨ Following gut feelings... Tested: 9,820,000 | Rate: 496222/s | Key: 0x514c40c9eab92209216e6c96a31a396091
✨ Following gut feelings... Tested: 9,830,000 | Rate: 496226/s | Key: 0x4bc0857c5aab90d3e60a175d8e48fb2d46
✨ Following gut feelings... Tested: 9,840,000 | Rate: 496141/s | Key: 0x685b286a843b5654e7463f7368f8bae326
✨ Following gut feelings... Tested: 9,850,000 | Rate: 496545/s | Key: 0x4942e4e9fd28d302573b929c908822dd14
✨ Following gut feelings... Tested: 9,860,000 | Rate: 496648/s | Key: 0x5e3c65d61bfb673ebab98c712b914f043b
✨ Following gut feelings... Tested: 9,870,000 | Rate: 496152/s | Key: 0x5fdabd3e71ece10371ed7ea960c0e26769
✨ Following gut feelings... Tested: 9,880,000 | Rate: 496154/s | Key: 0x7b6d6150a314f45b164c0d7d31ae83b83e
✨ Following gut feelings... Tested: 9,890,000 | Rate: 496060/s | Key: 0x497ec9002cd408b9506071d3df42b309ad
✨ Following gut feelings... Tested: 9,900,000 | Rate: 496063/s | Key: 0x623eef5ead0c0d01f2dae049f796d7c617
✨ Following gut feelings... Tested: 9,910,000 | Rate: 495868/s | Key: 0x6f67115bc855e8eb78f3babc3fd4d3258b
✨ Following gut feelings... Tested: 9,920,000 | Rate: 495773/s | Key: 0x6e5478c227554a27d17057f6244e12485f
✨ Following gut feelings... Tested: 9,930,000 | Rate: 495679/s | Key: 0x678d037babe084465de1dcaa2995a28a72
✨ Following gut feelings... Tested: 9,940,000 | Rate: 495798/s | Key: 0x5bcbd7fe89d6152daf81e6e895e4a4fe3e
✨ Following gut feelings... Tested: 9,950,000 | Rate: 496197/s | Key: 0x40ee5f3ae52f28aa418b9f3e9b69d09ea3
✨ Following gut feelings... Tested: 9,960,000 | Rate: 496597/s | Key: 0x725880f34d181a758d08085074d2aa6485
✨ Following gut feelings... Tested: 9,970,000 | Rate: 496996/s | Key: 0x4e8028bf70eb08796da841066f2ed4d247
✨ Following gut feelings... Tested: 9,980,000 | Rate: 497395/s | Key: 0x693d3e3b98a06e40001a53ccb5f5e22327
✨ Following gut feelings... Tested: 9,990,000 | Rate: 497200/s | Key: 0x4a288abeb539d3b67f22c01d5748bf83db
✨ Following gut feelings... Tested: 10,000,000 | Rate: 497136/s | Key: 0x66924c58732d0ff02a6149c06160876f42
✨ Following gut feelings... Tested: 10,010,000 | Rate: 496843/s | Key: 0x6a6342dac8539d4e383e29187419041dd7
✨ Following gut feelings... Tested: 10,020,000 | Rate: 496846/s | Key: 0x5400c7a10798ae98739975e5f8205469de
✨ Following gut feelings... Tested: 10,030,000 | Rate: 496791/s | Key: 0x428823e90f466b700b87a91f02f26dbafd
✨ Following gut feelings... Tested: 10,040,000 | Rate: 496350/s | Key: 0x7b7e7b057e836aed23735201cdaf40794e
✨ Following gut feelings... Tested: 10,050,000 | Rate: 496747/s | Key: 0x49375ecc98dc806aa3cfffe85f5ac2a2d1
✨ Following gut feelings... Tested: 10,060,000 | Rate: 496357/s | Key: 0x44ba914bed53f3b97fa4e530aa2d1df4fd
✨ Following gut feelings... Tested: 10,070,000 | Rate: 496164/s | Key: 0x691eee134d54f1ed7389b28524766d3650
✨ Following gut feelings... Tested: 10,080,000 | Rate: 496266/s | Key: 0x78c6ae9e105e9677085c7bcf87a62ff8aa
✨ Following gut feelings... Tested: 10,090,000 | Rate: 496074/s | Key: 0x7c0aad36b8c3b220c0018222e28d2127a2
✨ Following gut feelings... Tested: 10,100,000 | Rate: 496169/s | Key: 0x7d80a0f6630c22404e2208e74bd028f120
✨ Following gut feelings... Tested: 10,110,000 | Rate: 496171/s | Key: 0x644aec3dbb7969de6c975c238c434e93b7
✨ Following gut feelings... Tested: 10,120,000 | Rate: 496196/s | Key: 0x45eebd9a864841910278baa146961167e0
✨ Following gut feelings... Tested: 10,130,000 | Rate: 496103/s | Key: 0x4df08a206ccaa0e69b541ac2a3ad876d72
✨ Following gut feelings... Tested: 10,140,000 | Rate: 496203/s | Key: 0x54cc982e4675c1f2a08eaf4abf06cc2ab8
✨ Following gut feelings... Tested: 10,150,000 | Rate: 496206/s | Key: 0x54da9f4bbbdd08a83c3a61379570dedbbb
✨ Following gut feelings... Tested: 10,160,000 | Rate: 496209/s | Key: 0x59901e0b33c690e89eb09a67458ef7457c
✨ Following gut feelings... Tested: 10,170,000 | Rate: 496041/s | Key: 0x6531f66f31e410a01fcef3fbca155935b6
✨ Following gut feelings... Tested: 10,180,000 | Rate: 495947/s | Key: 0x72c91be3ab3dda4685244aedf26236ee8d
✨ Following gut feelings... Tested: 10,190,000 | Rate: 496048/s | Key: 0x6858463417566e9eac70d89ab0575f75cd
✨ Following gut feelings... Tested: 10,200,000 | Rate: 495955/s | Key: 0x58429247f004b24a11c77e6b00001892e9
✨ Following gut feelings... Tested: 10,210,000 | Rate: 495861/s | Key: 0x6119e77d870b186d78270940e3b25cf9f3
✨ Following gut feelings... Tested: 10,220,000 | Rate: 495672/s | Key: 0x6b95bc6825615b945ec1ff1b94ae5036cf
✨ Following gut feelings... Tested: 10,230,000 | Rate: 495772/s | Key: 0x677e3a49975f9ef1f0a1705b07db20df23
✨ Following gut feelings... Tested: 10,240,000 | Rate: 495968/s | Key: 0x5c85cf7afd85ce52068e337ec170e78328
✨ Following gut feelings... Tested: 10,250,000 | Rate: 495875/s | Key: 0x7a5d4ff2aff64149055e2a3325d5736aad
✨ Following gut feelings... Tested: 10,260,000 | Rate: 495784/s | Key: 0x7eee2f28f9fb2060cf34217a229dc81fbb
✨ Following gut feelings... Tested: 10,270,000 | Rate: 495786/s | Key: 0x76e5212f6dced5d4e13625accfa9315391
✨ Following gut feelings... Tested: 10,280,000 | Rate: 495790/s | Key: 0x6c9e6629337cca0fee699119f4f95141ea
✨ Following gut feelings... Tested: 10,290,000 | Rate: 495794/s | Key: 0x79f0eae0d4a6afbbc351c417982f5d3986
✨ Following gut feelings... Tested: 10,300,000 | Rate: 495728/s | Key: 0x51b5d20c28b6b78ce504a79f01d256a470
✨ Following gut feelings... Tested: 10,310,000 | Rate: 495541/s | Key: 0x76eeeb6420e563dcfd3f7a4ad94a0d88c5
✨ Following gut feelings... Tested: 10,320,000 | Rate: 495449/s | Key: 0x55cf0d0f39aaeb467feb01aa0cc545fe2c
✨ Following gut feelings... Tested: 10,330,000 | Rate: 495741/s | Key: 0x648f65b905cb68cd12304a3793ade4a303
✨ Following gut feelings... Tested: 10,340,000 | Rate: 495425/s | Key: 0x4d7277c648447cd03fbf02968a5dd00a81
✨ Following gut feelings... Tested: 10,350,000 | Rate: 495615/s | Key: 0x58eb89b1e1a540ba780f01aa18cdbb4a14
✨ Following gut feelings... Tested: 10,360,000 | Rate: 495638/s | Key: 0x5f9389e836a32336db201680d856e967e0
✨ Following gut feelings... Tested: 10,370,000 | Rate: 495547/s | Key: 0x62112cb5fe895dc3ed66531218890a80bf
✨ Following gut feelings... Tested: 10,380,000 | Rate: 495777/s | Key: 0x51fdf55413da5e898068c459df0afef1ff
✨ Following gut feelings... Tested: 10,390,000 | Rate: 495592/s | Key: 0x527058bcd51fbb24f036da62c766259bbb
✨ Following gut feelings... Tested: 10,400,000 | Rate: 495542/s | Key: 0x79b8211f549006445e4f0fa018dad44f82
✨ Following gut feelings... Tested: 10,410,000 | Rate: 495328/s | Key: 0x5a616765918b174ab8a6c0d02778940e3a
✨ Following gut feelings... Tested: 10,420,000 | Rate: 495615/s | Key: 0x7ca202014cbf995d3ba666e1285a134d47
✨ Following gut feelings... Tested: 10,430,000 | Rate: 495712/s | Key: 0x755268462296bc008b4342ee4e7a7a98c2
✨ Following gut feelings... Tested: 10,440,000 | Rate: 495733/s | Key: 0x59667da586583a58bb31f7abb82dccb796
✨ Following gut feelings... Tested: 10,450,000 | Rate: 496113/s | Key: 0x5332b817dd2ca8490c7605c6df068a3536
✨ Following gut feelings... Tested: 10,460,000 | Rate: 496493/s | Key: 0x505fbf28f0b8286df06f09b7029f7c581e
✨ Following gut feelings... Tested: 10,470,000 | Rate: 496308/s | Key: 0x45b4bb5fa51d7e58b24591d9b087069114
✨ Following gut feelings... Tested: 10,480,000 | Rate: 496309/s | Key: 0x7c0022f1db28700015b65ed74a6666c0d6
✨ Following gut feelings... Tested: 10,490,000 | Rate: 496312/s | Key: 0x6de83a278a239a967074467da8c3ca2767
✨ Following gut feelings... Tested: 10,500,000 | Rate: 496380/s | Key: 0x77e4455c0cda2da158820224812bd8a3d8
✨ Following gut feelings... Tested: 10,510,000 | Rate: 496003/s | Key: 0x682804ebed05c0881565052ccbc6f92156
✨ Following gut feelings... Tested: 10,520,000 | Rate: 496007/s | Key: 0x7b60c2b796b41f767221dba75b0daf9794
✨ Following gut feelings... Tested: 10,530,000 | Rate: 496050/s | Key: 0x4f871743ff35ddefd7836afda53368cc60
✨ Following gut feelings... Tested: 10,540,000 | Rate: 496427/s | Key: 0x6f4366c779e1535dc580a0d488769b94bb
✨ Following gut feelings... Tested: 10,550,000 | Rate: 495979/s | Key: 0x74d592bb44ebb1d0c06e46b8c7d0fcd69d
✨ Following gut feelings... Tested: 10,560,000 | Rate: 496169/s | Key: 0x4df5c7524094a7d4f70a173d57d6a6244f
✨ Following gut feelings... Tested: 10,570,000 | Rate: 496173/s | Key: 0x793f395db4c1cb3adced54ea3c2ddaf749
✨ Following gut feelings... Tested: 10,580,000 | Rate: 495935/s | Key: 0x70c3e1acab8a4c437c715c4bf143d47c37
✨ Following gut feelings... Tested: 10,590,000 | Rate: 495567/s | Key: 0x579050fd037d8c62b49949d09a92bec562
✨ Following gut feelings... Tested: 10,600,000 | Rate: 495478/s | Key: 0x779ab3827dc07380293915fb982fd10300
✨ Following gut feelings... Tested: 10,610,000 | Rate: 495280/s | Key: 0x73949296173b4c5712bcb6041f6bd8d7b1
✨ Following gut feelings... Tested: 10,620,000 | Rate: 495382/s | Key: 0x5df18944e3041b3360fabce32d201dc27d
✨ Following gut feelings... Tested: 10,630,000 | Rate: 495284/s | Key: 0x4f830f24e101f72ea273ce311a8a8534a0
✨ Following gut feelings... Tested: 10,640,000 | Rate: 495364/s | Key: 0x6ed3588a06139317f2b6568bd0ede706de
✨ Following gut feelings... Tested: 10,650,000 | Rate: 495277/s | Key: 0x5c0222c047d88ba9cbfa14c3d228d4f072
✨ Following gut feelings... Tested: 10,660,000 | Rate: 495279/s | Key: 0x5095bab5f55e56ee3c3df9db280cfad8ec
✨ Following gut feelings... Tested: 10,670,000 | Rate: 495281/s | Key: 0x47b92472e7f39c74df67a30fbf2565f829
✨ Following gut feelings... Tested: 10,680,000 | Rate: 495285/s | Key: 0x53f4a680bf17fe86b22527a5197fbaa6ce
✨ Following gut feelings... Tested: 10,690,000 | Rate: 495290/s | Key: 0x749c88cc1763d7f4c0efb52f7ef5565c48
✨ Following gut feelings... Tested: 10,700,000 | Rate: 495660/s | Key: 0x6012b9eaaafd9fe1a63e3cd4579d6ce9c5
✨ Following gut feelings... Tested: 10,710,000 | Rate: 496026/s | Key: 0x4d331f4e333baffa8542be24c9ba68f5b5
✨ Following gut feelings... Tested: 10,720,000 | Rate: 495939/s | Key: 0x682856c96e667d7ea4821b12defa3ab90a
✨ Following gut feelings... Tested: 10,730,000 | Rate: 495848/s | Key: 0x4d6620d5568993a1444ca489e04f1f4398
✨ Following gut feelings... Tested: 10,740,000 | Rate: 496216/s | Key: 0x4a05bf732f4a0f5c462ff7b9b8a4678d10
✨ Following gut feelings... Tested: 10,750,000 | Rate: 496585/s | Key: 0x675ec92af9cf115ed81f6e04f75bdd2b8a
✨ Following gut feelings... Tested: 10,760,000 | Rate: 496954/s | Key: 0x4163fa971d267011de37ffd054283a69cd
✨ Following gut feelings... Tested: 10,770,000 | Rate: 496770/s | Key: 0x4ecaa149a9757857d969cb645403af383b
✨ Following gut feelings... Tested: 10,780,000 | Rate: 496679/s | Key: 0x6079f4a025484996af95b55b4f38936c17
✨ Following gut feelings... Tested: 10,790,000 | Rate: 496680/s | Key: 0x60fb76ec950aee964975dff075a70d185f
✨ Following gut feelings... Tested: 10,800,000 | Rate: 497033/s | Key: 0x71994f64c2ecb3d42d9df6b4ba98de00c4
✨ Following gut feelings... Tested: 10,810,000 | Rate: 497399/s | Key: 0x67f340bae557f368cbf5b8dec7ff4f75ee
✨ Following gut feelings... Tested: 10,820,000 | Rate: 497763/s | Key: 0x6e5a122ff107b7eeb1802b900a08116a98
✨ Following gut feelings... Tested: 10,830,000 | Rate: 497473/s | Key: 0x6c0098d4553c6d3e826ccdb0cdabedcfc3
✨ Following gut feelings... Tested: 10,840,000 | Rate: 497383/s | Key: 0x46af5f0d5945db6c2cbb0c084fdb392863
✨ Following gut feelings... Tested: 10,850,000 | Rate: 497385/s | Key: 0x7adda68f7739e65292a15ea1c87b78a301
✨ Following gut feelings... Tested: 10,860,000 | Rate: 497476/s | Key: 0x70df14f60380614b8a628e891e2470ba6c
✨ Following gut feelings... Tested: 10,870,000 | Rate: 497753/s | Key: 0x6a65f417e01684c9568b5c34c79fb5b827
✨ Following gut feelings... Tested: 10,880,000 | Rate: 498118/s | Key: 0x56d2ed7de4450573a86f24395ffae759f9
✨ Following gut feelings... Tested: 10,890,000 | Rate: 498015/s | Key: 0x6e213cad62f25f860f4841fa7c893c6f45
✨ Following gut feelings... Tested: 10,900,000 | Rate: 498083/s | Key: 0x56ee7a1ec4816aa86a6df65a9251326015
✨ Following gut feelings... Tested: 10,910,000 | Rate: 498175/s | Key: 0x6e4cd524efa8e79fc7d0f2dd15dfdd8a77
✨ Following gut feelings... Tested: 10,920,000 | Rate: 498538/s | Key: 0x6e41b78d5a18671eb043af81cc7858a1cd
✨ Following gut feelings... Tested: 10,930,000 | Rate: 498903/s | Key: 0x7df2ffedd0c400a895f0eb23ada4e07ec7
✨ Following gut feelings... Tested: 10,940,000 | Rate: 499268/s | Key: 0x771178c6921ac8832aaba7c77b27c02640
✨ Following gut feelings... Tested: 10,950,000 | Rate: 499160/s | Key: 0x6a47f5519b41ffb77328b7960405e3f920
✨ Following gut feelings... Tested: 10,960,000 | Rate: 499431/s | Key: 0x6082c56a48552a6808eb8497bb17addd17
✨ Following gut feelings... Tested: 10,970,000 | Rate: 498861/s | Key: 0x61b10cb020c96c325ccc571172866d7e10
✨ Following gut feelings... Tested: 10,980,000 | Rate: 498771/s | Key: 0x507e4726a051fba1005721ba07d366c1c5
✨ Following gut feelings... Tested: 10,990,000 | Rate: 498591/s | Key: 0x420eadb8c4a80b26a3ac6fd42d2f7cb5d8
✨ Following gut feelings... Tested: 11,000,000 | Rate: 498653/s | Key: 0x7407eba592d09eb730bb56c40560b554e2
✨ Following gut feelings... Tested: 11,010,000 | Rate: 498714/s | Key: 0x55ed8096aab9a6592d382afd984e55b76d
✨ Following gut feelings... Tested: 11,020,000 | Rate: 498513/s | Key: 0x409ce0a5b31a5185e5d50e6c94380e3448
✨ Following gut feelings... Tested: 11,030,000 | Rate: 498514/s | Key: 0x685a495cd1f7fcbfe4484efb48c0996eef
✨ Following gut feelings... Tested: 11,040,000 | Rate: 498675/s | Key: 0x5a85e69ae2ece46708b276e26181af6b4d
✨ Following gut feelings... Tested: 11,050,000 | Rate: 498750/s | Key: 0x4a412952e8d6c71ef2d244109f4f550e2f
✨ Following gut feelings... Tested: 11,060,000 | Rate: 498751/s | Key: 0x609824d1b71538f2aaccb22fa917b7336f
✨ Following gut feelings... Tested: 11,070,000 | Rate: 498752/s | Key: 0x7066b9bab7cc03656ded00727f2ddcfc66
✨ Following gut feelings... Tested: 11,080,000 | Rate: 498842/s | Key: 0x69210f214a7a53fa86882ad8c6bb9efc68
✨ Following gut feelings... Tested: 11,090,000 | Rate: 498573/s | Key: 0x5a75c996e6e938a0e7b56501605db92478
✨ Following gut feelings... Tested: 11,100,000 | Rate: 498502/s | Key: 0x4c765de36cba5c455965da465da0e6c520
✨ Following gut feelings... Tested: 11,110,000 | Rate: 498325/s | Key: 0x7426bd4262d9dd9b75444f524f41f654ee
✨ Following gut feelings... Tested: 11,120,000 | Rate: 498391/s | Key: 0x4a4e33cac821327a409df5410e77e219ed
✨ Following gut feelings... Tested: 11,130,000 | Rate: 498570/s | Key: 0x75b89339852542f5d596fd4f0024d1ac29
✨ Following gut feelings... Tested: 11,140,000 | Rate: 498443/s | Key: 0x73e8128e9979c381c4c8b6e34e0e10d5ce
✨ Following gut feelings... Tested: 11,150,000 | Rate: 498442/s | Key: 0x7a61dc515f5406605598061cec9496918e
✨ Following gut feelings... Tested: 11,160,000 | Rate: 498798/s | Key: 0x6c340826181863fe3fff4cf07ddbdb2ee3
✨ Following gut feelings... Tested: 11,170,000 | Rate: 499155/s | Key: 0x4842c19dd01bc1c71b56417fee3d35da67
✨ Following gut feelings... Tested: 11,180,000 | Rate: 499511/s | Key: 0x51d9f35110314a7285b1e6e87c07985e16
✨ Following gut feelings... Tested: 11,190,000 | Rate: 499245/s | Key: 0x69fe13252fb912bb0732d286b924f36814
✨ Following gut feelings... Tested: 11,200,000 | Rate: 499244/s | Key: 0x74da3139862ffa8806dbf3c498b3508e1f
✨ Following gut feelings... Tested: 11,210,000 | Rate: 499259/s | Key: 0x5d9fda97e0a7b9efc5926be69840e3f130
✨ Following gut feelings... Tested: 11,220,000 | Rate: 499151/s | Key: 0x7d7b9c2e8a128c96d7225ab07e378c258c
✨ Following gut feelings... Tested: 11,230,000 | Rate: 499171/s | Key: 0x7c30c161bb5fcde9791a98a7e1b54de007
✨ Following gut feelings... Tested: 11,240,000 | Rate: 499083/s | Key: 0x4f70371f462b2e7c34e5f231ada2e383ac
✨ Following gut feelings... Tested: 11,250,000 | Rate: 499229/s | Key: 0x56bc6d994cb0cf0d68d031c223c4720cd9
✨ Following gut feelings... Tested: 11,260,000 | Rate: 499394/s | Key: 0x57a864f1aa21041562cbab5a2b92eb7075
✨ Following gut feelings... Tested: 11,270,000 | Rate: 499366/s | Key: 0x5ad667940ef6161808e844f779159e8179
✨ Following gut feelings... Tested: 11,280,000 | Rate: 499080/s | Key: 0x7d1deb3f4694435ba55d0e48548606ec1f
✨ Following gut feelings... Tested: 11,290,000 | Rate: 498903/s | Key: 0x6e47741f47b63457c312d190e382df95dc
✨ Following gut feelings... Tested: 11,300,000 | Rate: 498816/s | Key: 0x5c902f27c69d741cf9ba13cb2cd23cbb9d
✨ Following gut feelings... Tested: 11,310,000 | Rate: 498730/s | Key: 0x740dc1a0a0f8c1f13f72f23a4dbe1baa1f
✨ Following gut feelings... Tested: 11,320,000 | Rate: 498907/s | Key: 0x72060243e10fd0f589438d1ff27937e8b9
✨ Following gut feelings... Tested: 11,330,000 | Rate: 499260/s | Key: 0x6b1cac97b6142646e8d3effe1756988209
✨ Following gut feelings... Tested: 11,340,000 | Rate: 499085/s | Key: 0x441baec5020fc1dd6de6cac245e799a73b
✨ Following gut feelings... Tested: 11,350,000 | Rate: 499436/s | Key: 0x69010dc321d822429921d01b66beb4d711
✨ Following gut feelings... Tested: 11,360,000 | Rate: 499787/s | Key: 0x7ca0e7c33a96353521ee4c4ae9352cd109
✨ Following gut feelings... Tested: 11,370,000 | Rate: 499348/s | Key: 0x45570189a072de7fd1e759be6a97b9ec9a
✨ Following gut feelings... Tested: 11,380,000 | Rate: 499348/s | Key: 0x715603f217d938b28b1c9789a2ae0a3fea
✨ Following gut feelings... Tested: 11,390,000 | Rate: 499300/s | Key: 0x62a3125dea89f7eaa9c7650379f4f59fb9
✨ Following gut feelings... Tested: 11,400,000 | Rate: 499652/s | Key: 0x5c09c6f9c847dd5b3ef0b83f838edf2014
✨ Following gut feelings... Tested: 11,410,000 | Rate: 499476/s | Key: 0x5234543f4838b289b80bc9d8521d00819d
✨ Following gut feelings... Tested: 11,420,000 | Rate: 499302/s | Key: 0x778e6ee34564ad4d7fde780c29ab946a93
✨ Following gut feelings... Tested: 11,430,000 | Rate: 499215/s | Key: 0x51161940a55491e00d044bc54bb7b89b53
✨ Following gut feelings... Tested: 11,440,000 | Rate: 499129/s | Key: 0x5d4a12803a4fab65c4e2ec65e3d18a51f4
✨ Following gut feelings... Tested: 11,450,000 | Rate: 499304/s | Key: 0x687c7854fc2d3c7522d475c0dc96835ce7
✨ Following gut feelings... Tested: 11,460,000 | Rate: 499130/s | Key: 0x47220137dfb49e3e426e0d92675638b131
✨ Following gut feelings... Tested: 11,470,000 | Rate: 499042/s | Key: 0x77110efec45f214c51a880b8b618753710
✨ Following gut feelings... Tested: 11,480,000 | Rate: 498954/s | Key: 0x4ef59f6f9644bc047ed7503a2f4bdd7a63
✨ Following gut feelings... Tested: 11,490,000 | Rate: 498868/s | Key: 0x7784ab57ab05eae2994e7a609cecce7204
✨ Following gut feelings... Tested: 11,500,000 | Rate: 498869/s | Key: 0x551791ede65a98fffe89a0f4aab5463357
✨ Following gut feelings... Tested: 11,510,000 | Rate: 498784/s | Key: 0x73827adadff4dcada4267c608b0d2f9b78
✨ Following gut feelings... Tested: 11,520,000 | Rate: 499130/s | Key: 0x4970812085d67a7221f2d0066b34d85295
✨ Following gut feelings... Tested: 11,530,000 | Rate: 499477/s | Key: 0x67c0b0be4ad1276aab3fa9b5c0a244743c
✨ Following gut feelings... Tested: 11,540,000 | Rate: 499392/s | Key: 0x5c5ccd6e0e5bf2634dc8e199e024d89eff
✨ Following gut feelings... Tested: 11,550,000 | Rate: 499307/s | Key: 0x59ee25991418260099dcad1081b8496ec7
✨ Following gut feelings... Tested: 11,560,000 | Rate: 499218/s | Key: 0x53eb67f0fd958bb6acd44d91322344ffd2
✨ Following gut feelings... Tested: 11,570,000 | Rate: 499217/s | Key: 0x6bbbcba68c5a724649dd9d3b2f2dc701ba
✨ Following gut feelings... Tested: 11,580,000 | Rate: 499046/s | Key: 0x5992def32cf21013189d150ee44a12b0a1
✨ Following gut feelings... Tested: 11,590,000 | Rate: 499041/s | Key: 0x6ed1e5268af1d21abee5c9d931afb1e778
✨ Following gut feelings... Tested: 11,600,000 | Rate: 498869/s | Key: 0x436f7f050621927f29801fa3bb35ddbc11
✨ Following gut feelings... Tested: 11,610,000 | Rate: 498698/s | Key: 0x451b4b77b993e21d55ab7c66c5617d8239
✨ Following gut feelings... Tested: 11,620,000 | Rate: 498696/s | Key: 0x584a2c59c115f1866df6a1ec4155fe157c
✨ Following gut feelings... Tested: 11,630,000 | Rate: 498629/s | Key: 0x5feb74ec9afc3a093bdce1e6195b104619
✨ Following gut feelings... Tested: 11,640,000 | Rate: 498288/s | Key: 0x541b65cb433f57ebc292827685319d9b62
✨ Following gut feelings... Tested: 11,650,000 | Rate: 498205/s | Key: 0x4714f22f0dc27566ce37704964997d3df2
✨ Following gut feelings... Tested: 11,660,000 | Rate: 498035/s | Key: 0x56fcbbca53dd6ad2aa26d1cf3530947e7c
✨ Following gut feelings... Tested: 11,670,000 | Rate: 498292/s | Key: 0x5276a2366ce9f888d07f191294bcaf9ef9
✨ Following gut feelings... Tested: 11,680,000 | Rate: 498124/s | Key: 0x7b813db69cba78617aaf8e826e41146eeb
✨ Following gut feelings... Tested: 11,690,000 | Rate: 497955/s | Key: 0x459537836b2cb55870303d0ba81ac82d61
✨ Following gut feelings... Tested: 11,700,000 | Rate: 497787/s | Key: 0x43727d7fbc90e40997cc940fa39427a1d4
✨ Following gut feelings... Tested: 11,710,000 | Rate: 498063/s | Key: 0x62b952821ab0c43f93fce7e561de4df4de
✨ Following gut feelings... Tested: 11,720,000 | Rate: 498404/s | Key: 0x6e809c4cad6616a788e8b6da72e66fe1ff
✨ Following gut feelings... Tested: 11,730,000 | Rate: 498744/s | Key: 0x6122d86940fa17df0adfaec587080d388a
✨ Following gut feelings... Tested: 11,740,000 | Rate: 499084/s | Key: 0x54af19f9c8152d31eae5f527e1bc897ee9
✨ Following gut feelings... Tested: 11,750,000 | Rate: 499425/s | Key: 0x43ade76e369efe59da4ca5a550a164542a
✨ Following gut feelings... Tested: 11,760,000 | Rate: 499761/s | Key: 0x408343e326797af935896ab1d91be41499
✨ Following gut feelings... Tested: 11,770,000 | Rate: 500101/s | Key: 0x64f7a34f1f46436485f39075c8703cf2f0
✨ Following gut feelings... Tested: 11,780,000 | Rate: 500334/s | Key: 0x49c9bbfa21a74e58fab45fdc2959965445
✨ Following gut feelings... Tested: 11,790,000 | Rate: 500673/s | Key: 0x485d6cc296e3df68700b64163528bde82e
✨ Following gut feelings... Tested: 11,800,000 | Rate: 501012/s | Key: 0x62b5ddcf82358c004e82a4a17824545546
✨ Following gut feelings... Tested: 11,810,000 | Rate: 501352/s | Key: 0x45da4cd5e8c25848bc3a47962bf9bae56b
✨ Following gut feelings... Tested: 11,820,000 | Rate: 501687/s | Key: 0x4a2660db5170cc1fff8c4b7b830410939d
✨ Following gut feelings... Tested: 11,830,000 | Rate: 501174/s | Key: 0x505eac73dfa20c1c7a392143552a404b55
✨ Following gut feelings... Tested: 11,840,000 | Rate: 501088/s | Key: 0x782b4a81387684a491eb0d953e35f634e8
✨ Following gut feelings... Tested: 11,850,000 | Rate: 501042/s | Key: 0x621863c59e98531a86e13a628b0dfb103d
✨ Following gut feelings... Tested: 11,860,000 | Rate: 500618/s | Key: 0x4d4955154930852254bbf17380a201d390
✨ Following gut feelings... Tested: 11,870,000 | Rate: 500533/s | Key: 0x45a884cc35528685170958c5fce3181af7
✨ Following gut feelings... Tested: 11,880,000 | Rate: 500610/s | Key: 0x5e250b3697679aa7e38f818bd241083e16
✨ Following gut feelings... Tested: 11,890,000 | Rate: 500862/s | Key: 0x5a3e021d69b1defd0f2201893add37958e
✨ Following gut feelings... Tested: 11,900,000 | Rate: 501199/s | Key: 0x769acabb27685bc71eca49858b4fbb79e7
✨ Following gut feelings... Tested: 11,910,000 | Rate: 501535/s | Key: 0x4b0c751fc6c0fafdf8ca7a300e3619a795
✨ Following gut feelings... Tested: 11,920,000 | Rate: 501850/s | Key: 0x7edb8332f76332e0a64e2270400165a809
✨ Following gut feelings... Tested: 11,930,000 | Rate: 501677/s | Key: 0x43846bebc762658e0935d11aeac3909398
✨ Following gut feelings... Tested: 11,940,000 | Rate: 502013/s | Key: 0x4dba1a1d03dab1247db93cf53469fdafb8
✨ Following gut feelings... Tested: 11,950,000 | Rate: 502349/s | Key: 0x7b605d03451e634c771287ca380fb0f291
✨ Following gut feelings... Tested: 11,960,000 | Rate: 502165/s | Key: 0x412b3c72f48093358a73a14a7517b86a66
✨ Following gut feelings... Tested: 11,970,000 | Rate: 502331/s | Key: 0x62dbffb99ac696501fe7cd47f4bd053bbd
✨ Following gut feelings... Tested: 11,980,000 | Rate: 501868/s | Key: 0x55b750538f07847ab5b90bfe11f143c7c8
✨ Following gut feelings... Tested: 11,990,000 | Rate: 501866/s | Key: 0x70c51321824c8f3ce5aa4c507091d5619e
✨ Following gut feelings... Tested: 12,000,000 | Rate: 501904/s | Key: 0x5a93e90e16800873803022ec2529f1099a
✨ Following gut feelings... Tested: 12,010,000 | Rate: 501798/s | Key: 0x596530320a5a2842cd6172fa122aca2243
✨ Following gut feelings... Tested: 12,020,000 | Rate: 501713/s | Key: 0x60ab2b092009fb655abb35e232e6c20bd4
✨ Following gut feelings... Tested: 12,030,000 | Rate: 501802/s | Key: 0x60ae3870fe15d755d923a4f783aed6bc5e
✨ Following gut feelings... Tested: 12,040,000 | Rate: 501633/s | Key: 0x60f340c2f1af7b55534824317c1ddc6270
✨ Following gut feelings... Tested: 12,050,000 | Rate: 501464/s | Key: 0x615c49a801b7fa35e64107c5305489c564
✨ Following gut feelings... Tested: 12,060,000 | Rate: 501380/s | Key: 0x57dd6b7572641e2d1da4b0d92cd712bd7d
✨ Following gut feelings... Tested: 12,070,000 | Rate: 501378/s | Key: 0x53e3cf452ffebae5629dea1c921315ad04
✨ Following gut feelings... Tested: 12,080,000 | Rate: 501604/s | Key: 0x603a87b3bb113e9b1ef996a943b62f9388
✨ Following gut feelings... Tested: 12,090,000 | Rate: 501456/s | Key: 0x6be649af6e97d57508da0a34e943e2f4d9
✨ Following gut feelings... Tested: 12,100,000 | Rate: 501359/s | Key: 0x4a25b4c3681186c44663114ef33ce38c29
✨ Following gut feelings... Tested: 12,110,000 | Rate: 501025/s | Key: 0x61b0f6354d810cb2988425e27c22fbd122
✨ Following gut feelings... Tested: 12,120,000 | Rate: 501063/s | Key: 0x64172feff0e90b19f6390436d458ab3c0a
✨ Following gut feelings... Tested: 12,130,000 | Rate: 500796/s | Key: 0x61d8d2b3e8bd5471c122a3eb86706de0cd
✨ Following gut feelings... Tested: 12,140,000 | Rate: 500985/s | Key: 0x6a953792a758bd1bc9b15133aa263d71ca
✨ Following gut feelings... Tested: 12,150,000 | Rate: 500859/s | Key: 0x635b0974d9f22504d1129448f31b34d8f1
✨ Following gut feelings... Tested: 12,160,000 | Rate: 500819/s | Key: 0x493d816d7d0cd2f2d915d79d5648524b22
✨ Following gut feelings... Tested: 12,170,000 | Rate: 500735/s | Key: 0x67b0a2a745d08c2a1754a3159eb440937e
✨ Following gut feelings... Tested: 12,180,000 | Rate: 500739/s | Key: 0x575d001cacc405fe6f4d0e63d5ec372a01
✨ Following gut feelings... Tested: 12,190,000 | Rate: 500655/s | Key: 0x7d0fc21e14ac57a3bad1bad55ec3d6cefa
✨ Following gut feelings... Tested: 12,200,000 | Rate: 500390/s | Key: 0x73d6e19c424c8d4f0428103b32c138cc3c
✨ Following gut feelings... Tested: 12,210,000 | Rate: 500093/s | Key: 0x6bb6f65c533fb2e0e8a0e97e120f1618d3
✨ Following gut feelings... Tested: 12,220,000 | Rate: 499847/s | Key: 0x46d8e1158c701b321747a7d8165e15401b
✨ Following gut feelings... Tested: 12,230,000 | Rate: 499683/s | Key: 0x442808a1116d4a4d23ff9a0c130181d9c9
✨ Following gut feelings... Tested: 12,240,000 | Rate: 499382/s | Key: 0x412ef0d7170f4b4df546868e10b4ae4eef
✨ Following gut feelings... Tested: 12,250,000 | Rate: 499624/s | Key: 0x4958623d7a49cf6d68be2447a3dbb37d14
✨ Following gut feelings... Tested: 12,260,000 | Rate: 499685/s | Key: 0x6db18f9146128a86edea869523d34604df
✨ Following gut feelings... Tested: 12,270,000 | Rate: 499764/s | Key: 0x494474a0ceaa2181962068a684826f2445
✨ Following gut feelings... Tested: 12,280,000 | Rate: 499844/s | Key: 0x570d4dae7838d7ec85cab2f7b9b90ad9ed
✨ Following gut feelings... Tested: 12,290,000 | Rate: 499872/s | Key: 0x4197a2c81ef69131c6e254bd80ff85c844
✨ Following gut feelings... Tested: 12,300,000 | Rate: 499974/s | Key: 0x6116ee7de8a4bb908eb0ca89af235cdeea
✨ Following gut feelings... Tested: 12,310,000 | Rate: 499932/s | Key: 0x44d3eb7d441a78238c28d64ae25521b043
✨ Following gut feelings... Tested: 12,320,000 | Rate: 500021/s | Key: 0x68b65491c00eaba1790eb5c6a3ae41b463
✨ Following gut feelings... Tested: 12,330,000 | Rate: 499890/s | Key: 0x731cbade172d2bb3a6e0a0db8eb8eec047
✨ Following gut feelings... Tested: 12,340,000 | Rate: 499971/s | Key: 0x40d9a06f61ba4856fd42a5cc6173c65459
✨ Following gut feelings... Tested: 12,350,000 | Rate: 499970/s | Key: 0x480213e87f7ad62dfa9958135ce0afe07b
✨ Following gut feelings... Tested: 12,360,000 | Rate: 500131/s | Key: 0x4aa95944d4397e7eb6937b44fcd8c135f6
✨ Following gut feelings... Tested: 12,370,000 | Rate: 500212/s | Key: 0x769617a5a7ff9082a81723f8e56464bef1
✨ Following gut feelings... Tested: 12,380,000 | Rate: 500453/s | Key: 0x5772fda50b6aff2f512d828ea0b393aedd
✨ Following gut feelings... Tested: 12,390,000 | Rate: 500280/s | Key: 0x4e8a10434a78902be7f721363953f99516
✨ Following gut feelings... Tested: 12,400,000 | Rate: 500495/s | Key: 0x6886c5fa17583dcf8ac53eb8636aaf6b20
✨ Following gut feelings... Tested: 12,410,000 | Rate: 500414/s | Key: 0x53957dcf7c4d70d9c6f4fc5d2119a12c42
✨ Following gut feelings... Tested: 12,420,000 | Rate: 500429/s | Key: 0x71046f3ee4acad16dfd1bf43a50f2a102a
✨ Following gut feelings... Tested: 12,430,000 | Rate: 500501/s | Key: 0x780c419b9d61d457b2968cd729fb583d10
✨ Following gut feelings... Tested: 12,440,000 | Rate: 499696/s | Key: 0x7561d7b89067ab41f83e497d29c4b5b06b
✨ Following gut feelings... Tested: 12,450,000 | Rate: 499472/s | Key: 0x79172ac73c601efe3b23868b0234fd36ae
✨ Following gut feelings... Tested: 12,460,000 | Rate: 499231/s | Key: 0x63fa166cea640d7b4b49acf629367f8e8c
✨ Following gut feelings... Tested: 12,470,000 | Rate: 499296/s | Key: 0x6ba21c7feec9da2e581f56e71a30cc8347
✨ Following gut feelings... Tested: 12,480,000 | Rate: 499427/s | Key: 0x75e2a5bf70fb0ebdc0de7b26b75d8d1a64
✨ Following gut feelings... Tested: 12,490,000 | Rate: 499587/s | Key: 0x410bfe5d7cca26efe12a923c73fcde01af
✨ Following gut feelings... Tested: 12,500,000 | Rate: 499821/s | Key: 0x4a54b14c6afc2e6433ec705e91d1560d1f
✨ Following gut feelings... Tested: 12,510,000 | Rate: 499901/s | Key: 0x4c94c6eb0abd4a51c2e5bd0795bb2f0e90
✨ Following gut feelings... Tested: 12,520,000 | Rate: 499970/s | Key: 0x685cc72abb7eea14b0fbf36f6066097520
✨ Following gut feelings... Tested: 12,530,000 | Rate: 500130/s | Key: 0x43cb6998c9f23874a8409af878795b5cf3
✨ Following gut feelings... Tested: 12,540,000 | Rate: 500290/s | Key: 0x52b06f3f1356e4908f4f4abd631e8aa421
✨ Following gut feelings... Tested: 12,550,000 | Rate: 500354/s | Key: 0x433464bdb8f20800e431caee2af00b97f1
✨ Following gut feelings... Tested: 12,560,000 | Rate: 500478/s | Key: 0x64cc60847864145278fa41390cf87f2332
✨ Following gut feelings... Tested: 12,570,000 | Rate: 500552/s | Key: 0x6e7f3e6e631bdf763e0aa67cf98bb45b1c
✨ Following gut feelings... Tested: 12,580,000 | Rate: 500631/s | Key: 0x4ed421b1d9cc8249458523bd5297e3ae49
✨ Following gut feelings... Tested: 12,590,000 | Rate: 500709/s | Key: 0x526b96418bc3de95d353d4aa048277ad03
✨ Following gut feelings... Tested: 12,600,000 | Rate: 500788/s | Key: 0x42650259923aedb31becc0e60f1d27d1b4
✨ Following gut feelings... Tested: 12,610,000 | Rate: 500904/s | Key: 0x65b496b28620b6281fe2353c3e68fc8996
✨ Following gut feelings... Tested: 12,620,000 | Rate: 500877/s | Key: 0x5c1afa6de4ecf21ac7eaf0f9f0becf572a
✨ Following gut feelings... Tested: 12,630,000 | Rate: 500956/s | Key: 0x7754eca51afff9db31a07c8e2add96125b
✨ Following gut feelings... Tested: 12,640,000 | Rate: 500955/s | Key: 0x588b4ea704411c33e9398ecc14b617b765
✨ Following gut feelings... Tested: 12,650,000 | Rate: 500954/s | Key: 0x53c6f11a1f86857adc7a0f85fb8dfa3055
✨ Following gut feelings... Tested: 12,660,000 | Rate: 500949/s | Key: 0x696e3604005ca276ab1f05c5781d1428c0
✨ Following gut feelings... Tested: 12,670,000 | Rate: 500611/s | Key: 0x7a0e786c67169cdfe7f45dbec0aaa92f2d
✨ Following gut feelings... Tested: 12,680,000 | Rate: 500132/s | Key: 0x44f7ce2be77e0f76fbf431e1d10a057106
✨ Following gut feelings... Tested: 12,690,000 | Rate: 499975/s | Key: 0x451a6d04c1181a3595200bd1b9c8b52e3d
✨ Following gut feelings... Tested: 12,700,000 | Rate: 499908/s | Key: 0x62fcddb904b107f216590eece43154440b
✨ Following gut feelings... Tested: 12,710,000 | Rate: 500222/s | Key: 0x7b4dd4ede92414294540ed7a4bac53d05b
✨ Following gut feelings... Tested: 12,720,000 | Rate: 499906/s | Key: 0x4b47ec9ad2d266de5aabc88e635162c6d3
✨ Following gut feelings... Tested: 12,730,000 | Rate: 499982/s | Key: 0x7a19beac1a59f195d93468af58b60e821d
✨ Following gut feelings... Tested: 12,740,000 | Rate: 499982/s | Key: 0x5150f5bfd532aa4ce19a19bb2ec89a97b1
✨ Following gut feelings... Tested: 12,750,000 | Rate: 499982/s | Key: 0x7022bff7e609696312b3374f50e16ae1be
✨ Following gut feelings... Tested: 12,760,000 | Rate: 499982/s | Key: 0x4a56e7eba3f2a17b4e8ec7bc7ce635cc33
✨ Following gut feelings... Tested: 12,770,000 | Rate: 499980/s | Key: 0x51fa18ffedcb93d7ab11157df1090b3ab1
✨ Following gut feelings... Tested: 12,780,000 | Rate: 500135/s | Key: 0x55b6ae0fedfd36ecd840a7bba3e34a1f03
✨ Following gut feelings... Tested: 12,790,000 | Rate: 500211/s | Key: 0x6ca0029ae233698c7f5250d1390ec37cb7
✨ Following gut feelings... Tested: 12,800,000 | Rate: 500132/s | Key: 0x712f0c21fb3505b56c7f33215e036b85cd
✨ Following gut feelings... Tested: 12,810,000 | Rate: 499875/s | Key: 0x426061cbe77f64060c4d26701b8db663df
✨ Following gut feelings... Tested: 12,820,000 | Rate: 499718/s | Key: 0x6f7f3984208d004a3d079a5d87e24ab2ca
✨ Following gut feelings... Tested: 12,830,000 | Rate: 499562/s | Key: 0x4d80dbd31eb24af4e7823b367badb2b442
✨ Following gut feelings... Tested: 12,840,000 | Rate: 499484/s | Key: 0x730dd45628cb1ba2848534b162e4794d28
✨ Following gut feelings... Tested: 12,850,000 | Rate: 499438/s | Key: 0x5c6c9a21cde1ddd2a62eb8eb048c735bb4
✨ Following gut feelings... Tested: 12,860,000 | Rate: 499749/s | Key: 0x62e6ff60530caf5d75c3a799a649e46452
✨ Following gut feelings... Tested: 12,870,000 | Rate: 498740/s | Key: 0x5b0e8ad7a6df55273e98388280a226b24c
✨ Following gut feelings... Tested: 12,880,000 | Rate: 498432/s | Key: 0x4722118a1ab24e297d86edc3eef6eac0e4
✨ Following gut feelings... Tested: 12,890,000 | Rate: 498244/s | Key: 0x44fc18c61039f2b88de3c68fdc4a597782
✨ Following gut feelings... Tested: 12,900,000 | Rate: 498390/s | Key: 0x5f24451e9ec34d77da1e6c413ccdfc3128
✨ Following gut feelings... Tested: 12,910,000 | Rate: 498390/s | Key: 0x6b15087e69cb6cfee4b129a3621a7546cc
✨ Following gut feelings... Tested: 12,920,000 | Rate: 498469/s | Key: 0x46a3896d6d0c8c1f9db9644de08bc6b8a8
✨ Following gut feelings... Tested: 12,930,000 | Rate: 498546/s | Key: 0x69e946fb53eedad6637805fc57a2b23541
✨ Following gut feelings... Tested: 12,940,000 | Rate: 498632/s | Key: 0x7d793bb577dcc07e2d7a078b2fb1b1fac1
✨ Following gut feelings... Tested: 12,950,000 | Rate: 498687/s | Key: 0x5098619edadef558df41ca1ee38d9a9f3e
✨ Following gut feelings... Tested: 12,960,000 | Rate: 498841/s | Key: 0x70e1d2f6b2e8039f8603e2559ee0911571
✨ Following gut feelings... Tested: 12,970,000 | Rate: 498871/s | Key: 0x52572ff863f9554649cbae880941d8a267
✨ Following gut feelings... Tested: 12,980,000 | Rate: 498791/s | Key: 0x653fb8a9d1a7b94ee3441b05003fe8c8c4
✨ Following gut feelings... Tested: 12,990,000 | Rate: 498792/s | Key: 0x412bf7f68c98f03154a380b7aea48ce709
✨ Following gut feelings... Tested: 13,000,000 | Rate: 498793/s | Key: 0x674d47c10b3f1f3612a5d0b10080339bf0
✨ Following gut feelings... Tested: 13,010,000 | Rate: 498752/s | Key: 0x457d80d78070ea1daaa2919c83d72c2f5e
✨ Following gut feelings... Tested: 13,020,000 | Rate: 499059/s | Key: 0x7f62068e23869f766240a854adf582b1c7
✨ Following gut feelings... Tested: 13,030,000 | Rate: 498520/s | Key: 0x7681fa7e153ddb05d3b4902e752d5bd4af
✨ Following gut feelings... Tested: 13,040,000 | Rate: 498475/s | Key: 0x5c5e6b1ddb4d4b745d34083faa34b5c053
✨ Following gut feelings... Tested: 13,050,000 | Rate: 498781/s | Key: 0x4a949c179649035a396542e602b17ab528
✨ Following gut feelings... Tested: 13,060,000 | Rate: 498323/s | Key: 0x70b21befb44335c675989f550227da5c46
✨ Following gut feelings... Tested: 13,070,000 | Rate: 498095/s | Key: 0x59759d8f241166dda1cc853d99d8bed789
✨ Following gut feelings... Tested: 13,080,000 | Rate: 497868/s | Key: 0x5c52d94f23bc487e60d370669fde493c35
✨ Following gut feelings... Tested: 13,090,000 | Rate: 497641/s | Key: 0x4fbe69c89b7ad608fc0b2fd86e2a848f3a
✨ Following gut feelings... Tested: 13,100,000 | Rate: 497706/s | Key: 0x6019c2176e6719ce314f5b0a2d3b71966a
✨ Following gut feelings... Tested: 13,110,000 | Rate: 497778/s | Key: 0x4ae7f94dffe3287aebb4fa491708917069
✨ Following gut feelings... Tested: 13,120,000 | Rate: 497777/s | Key: 0x6452befe16a8e7c14491a9bb47448cdc69
✨ Following gut feelings... Tested: 13,130,000 | Rate: 497701/s | Key: 0x5f2a88d1c13a0cd295babfa7563fa64ca1
✨ Following gut feelings... Tested: 13,140,000 | Rate: 497838/s | Key: 0x566ec930a3c73961c944e906913703ca8a
✨ Following gut feelings... Tested: 13,150,000 | Rate: 498065/s | Key: 0x7c9ba032a6a140dc29ee7607e7f291c32f
✨ Following gut feelings... Tested: 13,160,000 | Rate: 498217/s | Key: 0x59d9155dd40ac96d15ee5a78138885418f
✨ Following gut feelings... Tested: 13,170,000 | Rate: 498368/s | Key: 0x44c99348aee5be52a0dd6a8e422b998e4b
✨ Following gut feelings... Tested: 13,180,000 | Rate: 498520/s | Key: 0x66c4bed92f6cdea34599f545275b72c04d
✨ Following gut feelings... Tested: 13,190,000 | Rate: 498672/s | Key: 0x7e850d5a4925f37d189a41eca997e47220
✨ Following gut feelings... Tested: 13,200,000 | Rate: 498823/s | Key: 0x5177d0645a69f9a51656e25f1bf20429bc
✨ Following gut feelings... Tested: 13,210,000 | Rate: 498974/s | Key: 0x55596918cd0e88ced38dcc60cebed72f6f
✨ Following gut feelings... Tested: 13,220,000 | Rate: 499050/s | Key: 0x6bfaad7f558856ab0989d94d6b3aae6a99
✨ Following gut feelings... Tested: 13,230,000 | Rate: 499173/s | Key: 0x5777be6fdbe18d7eca5e8b5e0f69092a06
✨ Following gut feelings... Tested: 13,240,000 | Rate: 499249/s | Key: 0x7a6cf2acfdab0dde80996d57d83aabc05e
✨ Following gut feelings... Tested: 13,250,000 | Rate: 499325/s | Key: 0x657bfdb2cbdd3103866756129342ec5616
✨ Following gut feelings... Tested: 13,260,000 | Rate: 499325/s | Key: 0x7aa295238c7b2ba7a66ba77b22eadca221
✨ Following gut feelings... Tested: 13,270,000 | Rate: 499324/s | Key: 0x4ebc9c6456b2421532dafc6b7c31a20da2
✨ Following gut feelings... Tested: 13,280,000 | Rate: 499324/s | Key: 0x60e84d48fffc308a9651d4bb287187325b
✨ Following gut feelings... Tested: 13,290,000 | Rate: 499398/s | Key: 0x4ea1b435eb1f2855e46596abf385be7d96
✨ Following gut feelings... Tested: 13,300,000 | Rate: 499473/s | Key: 0x767f59d32f9a0b980db3670b9f1ba5e351
✨ Following gut feelings... Tested: 13,310,000 | Rate: 498987/s | Key: 0x750a6413ddb7d3d4b569de952dc3efa024
✨ Following gut feelings... Tested: 13,320,000 | Rate: 498911/s | Key: 0x7a40d0d4cb920199347d20c867f9d0f7f9
✨ Following gut feelings... Tested: 13,330,000 | Rate: 498761/s | Key: 0x7f2b09834fe80a912706ff30cc732b2d3b
✨ Following gut feelings... Tested: 13,340,000 | Rate: 498793/s | Key: 0x64e233dfa74440937463e1ccc7af021841
✨ Following gut feelings... Tested: 13,350,000 | Rate: 499091/s | Key: 0x73f634de897bf97a4f2b3dc061e26c6b58
✨ Following gut feelings... Tested: 13,360,000 | Rate: 499017/s | Key: 0x4c73be25b3e0aff39a8cc6a2c46a571a71
✨ Following gut feelings... Tested: 13,370,000 | Rate: 499017/s | Key: 0x4d1c8261bd9b59c33e7769c88f89cd0192
✨ Following gut feelings... Tested: 13,380,000 | Rate: 499093/s | Key: 0x56a7a417868467905944e14ed0bd2b1f51
✨ Following gut feelings... Tested: 13,390,000 | Rate: 499242/s | Key: 0x689e0db5e2011fc8d87a094326ecc20168
✨ Following gut feelings... Tested: 13,400,000 | Rate: 499314/s | Key: 0x4a1415af02868473a3dbfb485e41940809
✨ Following gut feelings... Tested: 13,410,000 | Rate: 499080/s | Key: 0x543105bd2530eb3503fcf17a10b7f3d1d0
✨ Following gut feelings... Tested: 13,420,000 | Rate: 499117/s | Key: 0x750599f841259714319be932739858b72d
✨ Following gut feelings... Tested: 13,430,000 | Rate: 499415/s | Key: 0x7ac000fda287da332d3230d43b2348ae65
✨ Following gut feelings... Tested: 13,440,000 | Rate: 499267/s | Key: 0x7db8e39807978afd3711bbd723ca1935f9
✨ Following gut feelings... Tested: 13,450,000 | Rate: 499322/s | Key: 0x761ba57809c90439a6957614a0c1690d2a
✨ Following gut feelings... Tested: 13,460,000 | Rate: 499249/s | Key: 0x6888155a89c2a7ecc838b2f4ea09cf24d0
✨ Following gut feelings... Tested: 13,470,000 | Rate: 499250/s | Key: 0x73e873e6b838a3a09b0d9ed16274db1d26
✨ Following gut feelings... Tested: 13,480,000 | Rate: 499249/s | Key: 0x5451bb1a2958670ffc6750186787537fe6
✨ Following gut feelings... Tested: 13,490,000 | Rate: 499249/s | Key: 0x77ae24e271dd3810244af2c958421b5ca8
✨ Following gut feelings... Tested: 13,500,000 | Rate: 498922/s | Key: 0x742eff99d0547f5112b1a0a86bbfdccbf2
✨ Following gut feelings... Tested: 13,510,000 | Rate: 498902/s | Key: 0x5cfcd81c953a8857718277ec526308ef30
✨ Following gut feelings... Tested: 13,520,000 | Rate: 498829/s | Key: 0x6cafb2821d5b0ab0b7b10bf869000bf98a
✨ Following gut feelings... Tested: 13,530,000 | Rate: 498609/s | Key: 0x65176e5e5f18b93bfadb6cd5b20a91433c
✨ Following gut feelings... Tested: 13,540,000 | Rate: 498636/s | Key: 0x7d741a54ce715c64e543c85a6cae1dee16
✨ Following gut feelings... Tested: 13,550,000 | Rate: 498709/s | Key: 0x6fa88c4eb736db09cec3c46672eac1f40f
✨ Following gut feelings... Tested: 13,560,000 | Rate: 498770/s | Key: 0x62cf52479883fc35de9d0e014ad11fb2b6
✨ Following gut feelings... Tested: 13,570,000 | Rate: 498918/s | Key: 0x6c33c0c699c7f4cb4e6238f100132c1c92
✨ Following gut feelings... Tested: 13,580,000 | Rate: 499137/s | Key: 0x67dab508895ad757b2ca680277da80ec69
✨ Following gut feelings... Tested: 13,590,000 | Rate: 499211/s | Key: 0x4ee93901801feedb85c770b96087a97470
✨ Following gut feelings... Tested: 13,600,000 | Rate: 499212/s | Key: 0x6e3d3b9baee759180ad50ec224edc814a8
✨ Following gut feelings... Tested: 13,610,000 | Rate: 499286/s | Key: 0x6aca021035dcf22d44117094a7c68254c0
✨ Following gut feelings... Tested: 13,620,000 | Rate: 499358/s | Key: 0x5f0ee747ccd61f65a5c4cf929deaf7c0ae
✨ Following gut feelings... Tested: 13,630,000 | Rate: 499405/s | Key: 0x7cad92e4ccccc396e23bc91a609cfd2d2d
✨ Following gut feelings... Tested: 13,640,000 | Rate: 499698/s | Key: 0x5c989ed25b4191c34ccdbc68b5ba8fca91
✨ Following gut feelings... Tested: 13,650,000 | Rate: 499681/s | Key: 0x65005dad5d9d328014d698bcbf80379572
✨ Following gut feelings... Tested: 13,660,000 | Rate: 499781/s | Key: 0x5f230c16f3126c2ddc952b4d558fd788b0
✨ Following gut feelings... Tested: 13,670,000 | Rate: 500073/s | Key: 0x7f5c45d82778f149cd98ce9c62fb7600b7
✨ Following gut feelings... Tested: 13,680,000 | Rate: 499927/s | Key: 0x712a598972aa65aeac581c9e35c804d987
✨ Following gut feelings... Tested: 13,690,000 | Rate: 499999/s | Key: 0x5105862ed348db6d37ad3c1a56191bc592
✨ Following gut feelings... Tested: 13,700,000 | Rate: 499998/s | Key: 0x7a90df044cc13025629d7b4277ec63d14c
✨ Following gut feelings... Tested: 13,710,000 | Rate: 500066/s | Key: 0x4e8c8febc37562db45a0d8caf75fbd7206
✨ Following gut feelings... Tested: 13,720,000 | Rate: 500066/s | Key: 0x57a07f7e2a3379e30b177ddacb9e7bdd09
✨ Following gut feelings... Tested: 13,730,000 | Rate: 499992/s | Key: 0x5e07821495e5caa1f8d0131258aab71222
✨ Following gut feelings... Tested: 13,740,000 | Rate: 500069/s | Key: 0x6620c9d5d4f0c23fb085a8510ce66f95b0
✨ Following gut feelings... Tested: 13,750,000 | Rate: 500083/s | Key: 0x6fe11bfb186a79f0a716d370ee55a6bd84
✨ Following gut feelings... Tested: 13,760,000 | Rate: 499539/s | Key: 0x7b2cd61ef8db45ef135c0cd988af07781b
✨ Following gut feelings... Tested: 13,770,000 | Rate: 499394/s | Key: 0x7f6ab03e2501222d641084a0acd5736556
✨ Following gut feelings... Tested: 13,780,000 | Rate: 499249/s | Key: 0x5c8ba93eb7040fd824bf24e8f79c60bfb9
✨ Following gut feelings... Tested: 13,790,000 | Rate: 499176/s | Key: 0x425edb084156efe5293fbf38d5c3d4819b
✨ Following gut feelings... Tested: 13,800,000 | Rate: 499248/s | Key: 0x57117fa603f3c7608bcdd517de9990a567
✨ Following gut feelings... Tested: 13,810,000 | Rate: 499283/s | Key: 0x7eebc481476ad58e1a7ad9e2a6aacf6feb
✨ Following gut feelings... Tested: 13,820,000 | Rate: 499281/s | Key: 0x6c33b0df37101f969ebfaf1063e5ad6778
✨ Following gut feelings... Tested: 13,830,000 | Rate: 499416/s | Key: 0x455e0f003f341ef439236267b016564310
✨ Following gut feelings... Tested: 13,840,000 | Rate: 499633/s | Key: 0x68e2e781296dd05dc0b12be09cb6ad92a0
✨ Following gut feelings... Tested: 13,850,000 | Rate: 499777/s | Key: 0x48000ef898e929215f7d34d0653c80108f
✨ Following gut feelings... Tested: 13,860,000 | Rate: 499922/s | Key: 0x5f9ff0542784188a3a6febc7c8d7e2c0ad
✨ Following gut feelings... Tested: 13,870,000 | Rate: 499991/s | Key: 0x732b787c3db88a6a3ebc1582c9bfb483ed
✨ Following gut feelings... Tested: 13,880,000 | Rate: 500207/s | Key: 0x6f589e94c81b5aa00f638b5968ccb99143
✨ Following gut feelings... Tested: 13,890,000 | Rate: 500246/s | Key: 0x4c685b022f9605b51e3100fd56d37c1528
✨ Following gut feelings... Tested: 13,900,000 | Rate: 500456/s | Key: 0x5b3956278c7985746dfbfbeb2387b4efd0
✨ Following gut feelings... Tested: 13,910,000 | Rate: 500599/s | Key: 0x6fb7074c76bb40cab153a55d9dd5c040dc
✨ Following gut feelings... Tested: 13,920,000 | Rate: 500687/s | Key: 0x484e66b1ef270796c3d04f269276b24c58
✨ Following gut feelings... Tested: 13,930,000 | Rate: 500796/s | Key: 0x6415f2a62eed8db1840ae1b7eaf0df0e14
✨ Following gut feelings... Tested: 13,940,000 | Rate: 501011/s | Key: 0x5f58fa388e788d00c2d988507edf9fc0d6
✨ Following gut feelings... Tested: 13,950,000 | Rate: 501082/s | Key: 0x4313e083fe46c41e8490e0c18cbc003bda
✨ Following gut feelings... Tested: 13,960,000 | Rate: 501009/s | Key: 0x4923bbf833efd19ed960ed7fe9e26d951d
✨ Following gut feelings... Tested: 13,970,000 | Rate: 501008/s | Key: 0x681b3f51e200daa9a31123bc8011dfc0b5
✨ Following gut feelings... Tested: 13,980,000 | Rate: 501079/s | Key: 0x7625f24cc1d0f1f5378bcf233938dbd713
✨ Following gut feelings... Tested: 13,990,000 | Rate: 501136/s | Key: 0x5837f4ff7e7bcd5ccfffad0eaa3ea3e5a7
✨ Following gut feelings... Tested: 14,000,000 | Rate: 501278/s | Key: 0x43d03a104d1898aa0faaaf3f3c4c807263
✨ Following gut feelings... Tested: 14,010,000 | Rate: 501068/s | Key: 0x5fd2bf99abd1e1f9105101b58b1e901e72
✨ Following gut feelings... Tested: 14,020,000 | Rate: 501209/s | Key: 0x7b793aff5f537dd7b22b082e21ce8f3510
✨ Following gut feelings... Tested: 14,030,000 | Rate: 500676/s | Key: 0x5a8da9f1fee64186c9d36fa4dc814c9fc7
✨ Following gut feelings... Tested: 14,040,000 | Rate: 500618/s | Key: 0x6b33b99d77c75e4a436441ec4fb8b2df23
✨ Following gut feelings... Tested: 14,050,000 | Rate: 500598/s | Key: 0x730eab16ab359699943397482ffeedfbaf
✨ Following gut feelings... Tested: 14,060,000 | Rate: 500432/s | Key: 0x54e1696724b51084d4d393290580c866e5
✨ Following gut feelings... Tested: 14,070,000 | Rate: 500450/s | Key: 0x6995a07a6d9c4e3b81c9ec52c3cd56034a
✨ Following gut feelings... Tested: 14,080,000 | Rate: 500500/s | Key: 0x640af78e3100d32915ee4dc7b35d63f565
✨ Following gut feelings... Tested: 14,090,000 | Rate: 500548/s | Key: 0x5c053ed0ec97b35ef2ec054d37cedbc637
✨ Following gut feelings... Tested: 14,100,000 | Rate: 500690/s | Key: 0x7a0ea59a76e88bce0c349b4786207ca0b6
✨ Following gut feelings... Tested: 14,110,000 | Rate: 500530/s | Key: 0x68d0e5da8013b14a4d6bb38b0eebca86cc
✨ Following gut feelings... Tested: 14,120,000 | Rate: 500601/s | Key: 0x7b7702cce2859c2fb0c5f441b20cf3a9a7
✨ Following gut feelings... Tested: 14,130,000 | Rate: 500671/s | Key: 0x61d807c9de6b5496e521163f5e1ffacea8
✨ Following gut feelings... Tested: 14,140,000 | Rate: 500741/s | Key: 0x7bc89c47c2a29782276b9b89e88bbfcd39
✨ Following gut feelings... Tested: 14,150,000 | Rate: 500812/s | Key: 0x56189c2d678a72356f3abb013c68f59158
✨ Following gut feelings... Tested: 14,160,000 | Rate: 500811/s | Key: 0x445f78c73e241adc6abff9d55a8834a39f
✨ Following gut feelings... Tested: 14,170,000 | Rate: 500914/s | Key: 0x7d8aff5695bdedcbfa49cc43758e9c60fd
✨ Following gut feelings... Tested: 14,180,000 | Rate: 501196/s | Key: 0x4ffdee99f2cac213ccb30210807737e0c3
✨ Following gut feelings... Tested: 14,190,000 | Rate: 500912/s | Key: 0x4060174042d293e327900a7a9a6fae6c21
✨ Following gut feelings... Tested: 14,200,000 | Rate: 500980/s | Key: 0x70b96430c6cb863c394701ac4bfef98d36
✨ Following gut feelings... Tested: 14,210,000 | Rate: 501120/s | Key: 0x71cbbe61509fa8b3129b0c0d945060af1c
✨ Following gut feelings... Tested: 14,220,000 | Rate: 500978/s | Key: 0x6d9aab0f595247b319f20c238cf2a5a528
✨ Following gut feelings... Tested: 14,230,000 | Rate: 500813/s | Key: 0x4025cd2fb861e7c38ec01837bbcc43e947
✨ Following gut feelings... Tested: 14,240,000 | Rate: 500530/s | Key: 0x6c90bfa873999b9f0bebe816ac7407de2d
✨ Following gut feelings... Tested: 14,250,000 | Rate: 500318/s | Key: 0x6f41070e68759fe71e4ae28780b623558f
✨ Following gut feelings... Tested: 14,260,000 | Rate: 500143/s | Key: 0x74a5d38cd7b8b22c296b153ba8db0bccda
✨ Following gut feelings... Tested: 14,270,000 | Rate: 500011/s | Key: 0x521c339c7e34b81efebbdb9ec651211923
✨ Following gut feelings... Tested: 14,280,000 | Rate: 499974/s | Key: 0x51cbb576220fe4315352396f6f728d3abe
✨ Following gut feelings... Tested: 14,290,000 | Rate: 499974/s | Key: 0x4cad5cc7c10b75a28a3461e968fce693a3
✨ Following gut feelings... Tested: 14,300,000 | Rate: 500044/s | Key: 0x6efada2150b09ab25e10c043d8a9e0f4b3
✨ Following gut feelings... Tested: 14,310,000 | Rate: 500184/s | Key: 0x595bf80f69ed949abbf3809cd6e02562fb
✨ Following gut feelings... Tested: 14,320,000 | Rate: 500113/s | Key: 0x4a7f8b837ba32a24aab6ed52edfcaad519
✨ Following gut feelings... Tested: 14,330,000 | Rate: 500177/s | Key: 0x72c595f7a94c123fe15de049b7b7810302
✨ Following gut feelings... Tested: 14,340,000 | Rate: 500176/s | Key: 0x76cbb38bb1c92922d3bbd4dcd1123f9318
✨ Following gut feelings... Tested: 14,350,000 | Rate: 500187/s | Key: 0x79df40676d7cbd7a66734f5c5ea84460b3
✨ Following gut feelings... Tested: 14,360,000 | Rate: 500256/s | Key: 0x434f7018e99991c1f3f0980d7ec3caf62f
✨ Following gut feelings... Tested: 14,370,000 | Rate: 500324/s | Key: 0x74708071703e576ed6c87bb049464893ad
✨ Following gut feelings... Tested: 14,380,000 | Rate: 500323/s | Key: 0x5cce06eae237d423f7788e31be8bf9c57c
✨ Following gut feelings... Tested: 14,390,000 | Rate: 500322/s | Key: 0x5cb153095eae5e005cb7b68c8f962d8928
✨ Following gut feelings... Tested: 14,400,000 | Rate: 500378/s | Key: 0x74fc0670e6b40821e647e3fdefaf6ee7e6
✨ Following gut feelings... Tested: 14,410,000 | Rate: 500516/s | Key: 0x4cd9f36e28af9e00a06c7f8bffd778501b
✨ Following gut feelings... Tested: 14,420,000 | Rate: 500515/s | Key: 0x414c5d07cb06bf207cc8247e790ae812b1
✨ Following gut feelings... Tested: 14,430,000 | Rate: 500584/s | Key: 0x7eb09bfa033d52e4a4542c1f98d13fb231
✨ Following gut feelings... Tested: 14,440,000 | Rate: 500751/s | Key: 0x6dc2f782a4795ff9359c50f6aa57dcd133
✨ Following gut feelings... Tested: 14,450,000 | Rate: 501028/s | Key: 0x6ef8f0c7ff326fe79768df9a3e98f0558c
✨ Following gut feelings... Tested: 14,460,000 | Rate: 500609/s | Key: 0x7e0ae102b6767d484a93d82f877ab28c79
✨ Following gut feelings... Tested: 14,470,000 | Rate: 500014/s | Key: 0x6c676c9720a5d4ff7a070979930d1e3b8d
✨ Following gut feelings... Tested: 14,480,000 | Rate: 500014/s | Key: 0x73645f54dc9b58bffdbfe9fbddfdcc5913
✨ Following gut feelings... Tested: 14,490,000 | Rate: 500068/s | Key: 0x7efee16ebc191ac3e0d607e929d029f812
✨ Following gut feelings... Tested: 14,500,000 | Rate: 499992/s | Key: 0x4bcef3ddee3ed37038fa69753c933ad04a
✨ Following gut feelings... Tested: 14,510,000 | Rate: 500132/s | Key: 0x55bff1bd1204b1e3965a838b6283979cac
✨ Following gut feelings... Tested: 14,520,000 | Rate: 500063/s | Key: 0x75390930971e744fb0d9c6e361f9599cf4
✨ Following gut feelings... Tested: 14,530,000 | Rate: 500195/s | Key: 0x505c761bd1a92ff87708b17f476e952473
✨ Following gut feelings... Tested: 14,540,000 | Rate: 500194/s | Key: 0x4509f2423f8aa561b1be3bfbf8ffc7da98
✨ Following gut feelings... Tested: 14,550,000 | Rate: 500262/s | Key: 0x47c3d4d3285d268f3d3d764cde979fe31d
✨ Following gut feelings... Tested: 14,560,000 | Rate: 500460/s | Key: 0x493623247ff1592ca0e7b1e0bc2977b8f4
✨ Following gut feelings... Tested: 14,570,000 | Rate: 500338/s | Key: 0x7e3835bcfc4d71cb590bf6790a7d092d55
✨ Following gut feelings... Tested: 14,580,000 | Rate: 500612/s | Key: 0x564403ed5597dda6a6278851c1891d68ad
✨ Following gut feelings... Tested: 14,590,000 | Rate: 500300/s | Key: 0x75050a604efec248fc3edf805b2b23ecde
✨ Following gut feelings... Tested: 14,600,000 | Rate: 500490/s | Key: 0x41a81554c9d48869d230c174c51efc94ea
✨ Following gut feelings... Tested: 14,610,000 | Rate: 500677/s | Key: 0x4fa774c0332be680cab11f2e3ac14325bb
✨ Following gut feelings... Tested: 14,620,000 | Rate: 500413/s | Key: 0x6de9bb4c693d4e41d261dee510ad3615b2
✨ Following gut feelings... Tested: 14,630,000 | Rate: 500243/s | Key: 0x7226fda845413e33946589160700ff94f4
✨ Following gut feelings... Tested: 14,640,000 | Rate: 500289/s | Key: 0x657d49e5f162a69eb9ea687a7a5dadd923
✨ Following gut feelings... Tested: 14,650,000 | Rate: 500407/s | Key: 0x480b0c43443a4f465275930223a6b6b10a
✨ Following gut feelings... Tested: 14,660,000 | Rate: 500406/s | Key: 0x74483064cca19aa4e40bf15b08fb447d68
✨ Following gut feelings... Tested: 14,670,000 | Rate: 499719/s | Key: 0x75b98796dfd5c12d6b04620b54a6443df6
✨ Following gut feelings... Tested: 14,680,000 | Rate: 499988/s | Key: 0x71313bc6b178d588cc05f0e5fc84e307d4
✨ Following gut feelings... Tested: 14,690,000 | Rate: 499852/s | Key: 0x76d44fd09856a275f1e35aad1bfc928d52
✨ Following gut feelings... Tested: 14,700,000 | Rate: 499587/s | Key: 0x4bddb05a85f5e32ab01af6791b6b54c89c
✨ Following gut feelings... Tested: 14,710,000 | Rate: 499857/s | Key: 0x53c41d734c3acc6b37bcce02025760adba
✨ Following gut feelings... Tested: 14,720,000 | Rate: 499721/s | Key: 0x7ef0e76f2818d917c78942384e6023b60b
✨ Following gut feelings... Tested: 14,730,000 | Rate: 499788/s | Key: 0x731397869eb9e40be0e1ac74da2a739c1a
✨ Following gut feelings... Tested: 14,740,000 | Rate: 499856/s | Key: 0x47862d4bfca7c71b53e713273b5caf49ce
✨ Following gut feelings... Tested: 14,750,000 | Rate: 499924/s | Key: 0x45334f75073beccf5d5e5c2764f302c41b
✨ Following gut feelings... Tested: 14,760,000 | Rate: 499893/s | Key: 0x53feadea232ef43bb1ada518027eb83e74
✨ Following gut feelings... Tested: 14,770,000 | Rate: 500029/s | Key: 0x7d97161515fccb04de1608bced24f9336f
✨ Following gut feelings... Tested: 14,780,000 | Rate: 500096/s | Key: 0x62b055050070efe0d53885a5352757bea6
✨ Following gut feelings... Tested: 14,790,000 | Rate: 500096/s | Key: 0x5d6c57b8281258c806d31bf1fb4ffeab60
✨ Following gut feelings... Tested: 14,800,000 | Rate: 500231/s | Key: 0x5ad7b4eb6aa3ae87406fb38cafa1d43fe7
✨ Following gut feelings... Tested: 14,810,000 | Rate: 500230/s | Key: 0x4f96af3405a9aedaa5e67ba029651d7e30
✨ Following gut feelings... Tested: 14,820,000 | Rate: 500353/s | Key: 0x62b667882cd10d2b57908472deed251f45
✨ Following gut feelings... Tested: 14,830,000 | Rate: 500417/s | Key: 0x6dd2463f230fb99a3b0f9336625737116d
✨ Following gut feelings... Tested: 14,840,000 | Rate: 500402/s | Key: 0x7b1b7df712fb4813a4420da7f4f9925fcf
✨ Following gut feelings... Tested: 14,850,000 | Rate: 500469/s | Key: 0x73975a7a77fadd521e429e1e67a71cb442
✨ Following gut feelings... Tested: 14,860,000 | Rate: 500536/s | Key: 0x55eb6c719c649b2af5faa47513a64bcf7f
✨ Following gut feelings... Tested: 14,870,000 | Rate: 500535/s | Key: 0x447bdaa940c03b294158405c6fafa54592
✨ Following gut feelings... Tested: 14,880,000 | Rate: 500477/s | Key: 0x7da77e4ed8d8cc2e1c6fc6f638857114f8
✨ Following gut feelings... Tested: 14,890,000 | Rate: 500203/s | Key: 0x72f5015396e9705bbe12d4eb8411beb250
✨ Following gut feelings... Tested: 14,900,000 | Rate: 499933/s | Key: 0x73e1ded8511a233ae1bdd7d1e55a379136
✨ Following gut feelings... Tested: 14,910,000 | Rate: 499664/s | Key: 0x4efbd3ad251f1f07a67c991c3e878bae8d
✨ Following gut feelings... Tested: 14,920,000 | Rate: 499656/s | Key: 0x7dd1b07da0994fb06ab74cb7a5d32bfe18
✨ Following gut feelings... Tested: 14,930,000 | Rate: 499430/s | Key: 0x47f5fb0dd7b3a795705e7ae6a6459d52f5
✨ Following gut feelings... Tested: 14,940,000 | Rate: 499362/s | Key: 0x56c485d140b5c927556776625cf6f02841
✨ Following gut feelings... Tested: 14,950,000 | Rate: 499361/s | Key: 0x6b05930204f758498fbc0db686e5c3e61b
✨ Following gut feelings... Tested: 14,960,000 | Rate: 499361/s | Key: 0x515df81108ca0ad200b5a5bb59ff143318
✨ Following gut feelings... Tested: 14,970,000 | Rate: 499519/s | Key: 0x5a3b954a08d93cf13b00c876d3286084da
✨ Following gut feelings... Tested: 14,980,000 | Rate: 499714/s | Key: 0x41bfec91add36dcbc43056da2781b19100
✨ Following gut feelings... Tested: 14,990,000 | Rate: 499426/s | Key: 0x7265e9921704d467561029922877002baa
✨ Following gut feelings... Tested: 15,000,000 | Rate: 499427/s | Key: 0x561ec8856eaa8b5e15c2364f77d618a5ba
✨ Following gut feelings... Tested: 15,010,000 | Rate: 499494/s | Key: 0x759d964e220466c06fb9981b7d4f0fa1e1
✨ Following gut feelings... Tested: 15,020,000 | Rate: 499608/s | Key: 0x509f5b981c998b3a50278a47cf4a27a400
✨ Following gut feelings... Tested: 15,030,000 | Rate: 499674/s | Key: 0x5632aff22050c90521a3c47d70e8e4e6bb
✨ Following gut feelings... Tested: 15,040,000 | Rate: 499741/s | Key: 0x7237881d60323d41858705b3514e5a7244
✨ Following gut feelings... Tested: 15,050,000 | Rate: 499741/s | Key: 0x69a73c4fb9364041203e800ca7935bb111
✨ Following gut feelings... Tested: 15,060,000 | Rate: 499806/s | Key: 0x5b39cbc225aa8073582fcd29c393b237f7
✨ Following gut feelings... Tested: 15,070,000 | Rate: 499818/s | Key: 0x6a1d0f2423a2f8c9f5cd0a30d7e795320a
✨ Following gut feelings... Tested: 15,080,000 | Rate: 499884/s | Key: 0x7c2d53f1da90686bc833cf36112ea08ed3
✨ Following gut feelings... Tested: 15,090,000 | Rate: 499951/s | Key: 0x725e4f6e01b21e3560a9bb817c1fc79fda
✨ Following gut feelings... Tested: 15,100,000 | Rate: 500113/s | Key: 0x6da80e2a61cdbfb7074a0b60de471362c0
✨ Following gut feelings... Tested: 15,110,000 | Rate: 499961/s | Key: 0x7b85da20173458983b7a96f0d13c6674f0
✨ Following gut feelings... Tested: 15,120,000 | Rate: 499630/s | Key: 0x79d794b71e9d8a6862a6f9b749926f47b7
✨ Following gut feelings... Tested: 15,130,000 | Rate: 499564/s | Key: 0x5885279c8b9070f7da39933e7f08522846
✨ Following gut feelings... Tested: 15,140,000 | Rate: 499432/s | Key: 0x418772369056960709f850c7c5727f85f6
✨ Following gut feelings... Tested: 15,150,000 | Rate: 499364/s | Key: 0x4033fc44b309d4cb754af54da5fef936b7
✨ Following gut feelings... Tested: 15,160,000 | Rate: 499328/s | Key: 0x4c5dd65413d8c4de53522d5b009b588648
✨ Following gut feelings... Tested: 15,170,000 | Rate: 499316/s | Key: 0x7997ad56b663eafaea70d02d0d6a702c37
✨ Following gut feelings... Tested: 15,180,000 | Rate: 499446/s | Key: 0x5eb158128bc9072ced19a042ba50485b46
✨ Following gut feelings... Tested: 15,190,000 | Rate: 499381/s | Key: 0x7e4f1b8549123542e0952876e20a77f2cf
✨ Following gut feelings... Tested: 15,200,000 | Rate: 499381/s | Key: 0x43d4ef09e0dcbf198f0b1709acadd33303
✨ Following gut feelings... Tested: 15,210,000 | Rate: 499380/s | Key: 0x5ebc3f48fe4af433050a4961bf8ab5b350
✨ Following gut feelings... Tested: 15,220,000 | Rate: 499366/s | Key: 0x7adcdd16cf32f50376197dc6705f7a4ed8
✨ Following gut feelings... Tested: 15,230,000 | Rate: 499496/s | Key: 0x48d219e6519dde694225777bf4fe98d75f
✨ Following gut feelings... Tested: 15,240,000 | Rate: 499551/s | Key: 0x535fd587d32ac0ac585a12bbc6f942e3b2
✨ Following gut feelings... Tested: 15,250,000 | Rate: 499551/s | Key: 0x49404f9abc6314afd6feababc1906b2728
✨ Following gut feelings... Tested: 15,260,000 | Rate: 499616/s | Key: 0x6260818c43ca103d7f6eb5db7d504e5b1e
✨ Following gut feelings... Tested: 15,270,000 | Rate: 499549/s | Key: 0x7c115877bb7e46f191ec229fe35449f2a8
✨ Following gut feelings... Tested: 15,280,000 | Rate: 499657/s | Key: 0x4317cbd589f9a980236c746774a24be5e7
✨ Following gut feelings... Tested: 15,290,000 | Rate: 499721/s | Key: 0x6202b7a26ec5deac301855443558fdb54a
✨ Following gut feelings... Tested: 15,300,000 | Rate: 499786/s | Key: 0x71e374789097c454fd52930cb15fc95d89
✨ Following gut feelings... Tested: 15,310,000 | Rate: 499851/s | Key: 0x63404384ffe58194302ac8225313976c44
✨ Following gut feelings... Tested: 15,320,000 | Rate: 499947/s | Key: 0x611054deabf79b45a4de5a475bea52d413
✨ Following gut feelings... Tested: 15,330,000 | Rate: 499771/s | Key: 0x64ec2be3db26736e553ed3b4b0194aa599
✨ Following gut feelings... Tested: 15,340,000 | Rate: 499509/s | Key: 0x5fd2032b17973a130400dd5bb9039e7ec1
✨ Following gut feelings... Tested: 15,350,000 | Rate: 499378/s | Key: 0x57dd4bf74c4b75692a65b48fe7529ed07b
✨ Following gut feelings... Tested: 15,360,000 | Rate: 499270/s | Key: 0x7cf44e12e3a0cdddce1e9dfb123960afb4
✨ Following gut feelings... Tested: 15,370,000 | Rate: 499282/s | Key: 0x64c01363472b3ff5349d7b3042881cad55
✨ Following gut feelings... Tested: 15,380,000 | Rate: 499342/s | Key: 0x567a5c431eb22d902189e1a9a61e6e0927
✨ Following gut feelings... Tested: 15,390,000 | Rate: 499314/s | Key: 0x72b9cea0d950586b4b576b7ac42fe8179d
✨ Following gut feelings... Tested: 15,400,000 | Rate: 499379/s | Key: 0x4bf8f81fbe3229b60b9e4b362350d6a431
✨ Following gut feelings... Tested: 15,410,000 | Rate: 499444/s | Key: 0x7e49587cdf9c83e7b24e4805cb43da8af0
✨ Following gut feelings... Tested: 15,420,000 | Rate: 499523/s | Key: 0x6e8ade9c1b378dddcef3bc7c07b415e68d
✨ Following gut feelings... Tested: 15,430,000 | Rate: 499523/s | Key: 0x4e35f9811c414035ae954cb633b2be9b52
✨ Following gut feelings... Tested: 15,440,000 | Rate: 499588/s | Key: 0x742ca18ab855a9f4c0dadf031d162b9cc2
✨ Following gut feelings... Tested: 15,450,000 | Rate: 499522/s | Key: 0x76c3ffb49e81656167c68c3ae2b3361db8
✨ Following gut feelings... Tested: 15,460,000 | Rate: 499587/s | Key: 0x488d486c85f392011a620c0bf98f4b73d0
✨ Following gut feelings... Tested: 15,470,000 | Rate: 499647/s | Key: 0x67a684b6c0f7ed0a51c21e17c8fb9c949c
✨ Following gut feelings... Tested: 15,480,000 | Rate: 499776/s | Key: 0x7f32a0d18de513c71daeca6e0f3e5c7d6a
✨ Following gut feelings... Tested: 15,490,000 | Rate: 499841/s | Key: 0x4ecfffb395f58183a701caa0322f2c0f60
✨ Following gut feelings... Tested: 15,500,000 | Rate: 499905/s | Key: 0x7cae28540def684398d8201ceb9e342989
✨ Following gut feelings... Tested: 15,510,000 | Rate: 499974/s | Key: 0x68b40d39febcc50049b62082227a425193
✨ Following gut feelings... Tested: 15,520,000 | Rate: 499845/s | Key: 0x609bb9bf164cbe5bfe17ac65afecfbac23
✨ Following gut feelings... Tested: 15,530,000 | Rate: 499845/s | Key: 0x4bd9585179a983a86d9e5ab7cc289be4bd
✨ Following gut feelings... Tested: 15,540,000 | Rate: 499908/s | Key: 0x4f9b9268f5cb4ed435752b5b71cf07981c
✨ Following gut feelings... Tested: 15,550,000 | Rate: 499586/s | Key: 0x4278c8599f3e914ec8156bad12b414e5a9
✨ Following gut feelings... Tested: 15,560,000 | Rate: 499457/s | Key: 0x4d212ef2f86f2ade0713fa46a6d6806d74
✨ Following gut feelings... Tested: 15,570,000 | Rate: 499328/s | Key: 0x5151211674790c22b309e9ec1b90931972
✨ Following gut feelings... Tested: 15,580,000 | Rate: 499292/s | Key: 0x6d0c8177c101fce7477b730ebcddf1b3d6
✨ Following gut feelings... Tested: 15,590,000 | Rate: 499547/s | Key: 0x7c989fb0068ea9842269840bac6c0a34de
✨ Following gut feelings... Tested: 15,600,000 | Rate: 499375/s | Key: 0x7b90ef39861ec6d534f026deb6b04dcfaf
✨ Following gut feelings... Tested: 15,610,000 | Rate: 499247/s | Key: 0x45d9f9600c53b6c018ee4a6e6245372143
✨ Following gut feelings... Tested: 15,620,000 | Rate: 499311/s | Key: 0x5471b136b303f96f7b93593aa35728beb2
✨ Following gut feelings... Tested: 15,630,000 | Rate: 499418/s | Key: 0x63dccdf175c415da4f49c0ccf129bd0be6
✨ Following gut feelings... Tested: 15,640,000 | Rate: 499482/s | Key: 0x57c4f7cea6fbfdc0ac4e5be57818343159
✨ Following gut feelings... Tested: 15,650,000 | Rate: 499576/s | Key: 0x7a679de780f47218ef2b7908502f75b0b0
✨ Following gut feelings... Tested: 15,660,000 | Rate: 499569/s | Key: 0x590974fd99936e87008de1e37f1878e9ce
✨ Following gut feelings... Tested: 15,670,000 | Rate: 499568/s | Key: 0x6175688244d0d645c28c6d7412534898ff
✨ Following gut feelings... Tested: 15,680,000 | Rate: 499717/s | Key: 0x74b9fbb360bd8702dedd32689d83d76a2e
✨ Following gut feelings... Tested: 15,690,000 | Rate: 499748/s | Key: 0x73179544e8a50240ab0a0b2959ef0de72d
✨ Following gut feelings... Tested: 15,700,000 | Rate: 499811/s | Key: 0x53f9a2f6988efd8eb0af027265e479d942
✨ Following gut feelings... Tested: 15,710,000 | Rate: 499937/s | Key: 0x5b75fb6204d019f20f69d195a0cb2c2a54
✨ Following gut feelings... Tested: 15,720,000 | Rate: 499689/s | Key: 0x6509449b9074188befae922868185b5f88
✨ Following gut feelings... Tested: 15,730,000 | Rate: 499752/s | Key: 0x78c7562a09ef62781ba9185680e5d3d73f
✨ Following gut feelings... Tested: 15,740,000 | Rate: 499879/s | Key: 0x55917736716711406bedb6ff951d19c245
✨ Following gut feelings... Tested: 15,750,000 | Rate: 499879/s | Key: 0x6a32df2dcb60330188443218a255758946
✨ Following gut feelings... Tested: 15,760,000 | Rate: 499989/s | Key: 0x6c3b6e2fdbf45bbc34479994475b32da01
✨ Following gut feelings... Tested: 15,770,000 | Rate: 499974/s | Key: 0x691003b43d1ca45c8a96c82bd88a037de9
✨ Following gut feelings... Tested: 15,780,000 | Rate: 499900/s | Key: 0x7c6d60e5b6203557af10638851745e6f4f
✨ Following gut feelings... Tested: 15,790,000 | Rate: 499618/s | Key: 0x4c8bc62c851845b264f112141e19512c1e
✨ Following gut feelings... Tested: 15,800,000 | Rate: 499871/s | Key: 0x406391ab3339cc86daa53cc3f80b567b37
✨ Following gut feelings... Tested: 15,810,000 | Rate: 499524/s | Key: 0x57f2a41489e946dd4e654e117644cf4462
✨ Following gut feelings... Tested: 15,820,000 | Rate: 499517/s | Key: 0x49faf2b804ba491ebb47ddf96b043876e0
✨ Following gut feelings... Tested: 15,830,000 | Rate: 499693/s | Key: 0x42ebc9c5b6c44640e7b15b3f30820ca242
✨ Following gut feelings... Tested: 15,840,000 | Rate: 499898/s | Key: 0x47f83832b2422b425aba1e47417f374215
✨ Following gut feelings... Tested: 15,850,000 | Rate: 500140/s | Key: 0x6b14684ff91e9cd401ba614d7e3e78e52d
✨ Following gut feelings... Tested: 15,860,000 | Rate: 500390/s | Key: 0x6f3b241f22fd93b3a8ff217820b7b3edce
✨ Following gut feelings... Tested: 15,870,000 | Rate: 500642/s | Key: 0x4f09c6bfc764fe6e83bd94dca229f28f2a
✨ Following gut feelings... Tested: 15,880,000 | Rate: 500476/s | Key: 0x4e56dafc9d50d1708b7f2e99f176762a31
✨ Following gut feelings... Tested: 15,890,000 | Rate: 500601/s | Key: 0x6f29c31347798de93514d6188dac21b063
✨ Following gut feelings... Tested: 15,900,000 | Rate: 500697/s | Key: 0x6dcbcd0da4a1c23cc2c5ee1f98264ed34d
✨ Following gut feelings... Tested: 15,910,000 | Rate: 500847/s | Key: 0x764725266fdec81276cbdbdcdf5531a6e9
✨ Following gut feelings... Tested: 15,920,000 | Rate: 500989/s | Key: 0x5923a7609016092045123aab40eda19e85
✨ Following gut feelings... Tested: 15,930,000 | Rate: 501019/s | Key: 0x4c32bc9f799aa38db28ca8bcb50eb3b076
✨ Following gut feelings... Tested: 15,940,000 | Rate: 500706/s | Key: 0x4260f04163f654df5c19d762638e9bba57
✨ Following gut feelings... Tested: 15,950,000 | Rate: 500702/s | Key: 0x719498138f51897e006992c8b889d728c3
✨ Following gut feelings... Tested: 15,960,000 | Rate: 500665/s | Key: 0x528e655400e7deed7c33f1e95e4d15a104
✨ Following gut feelings... Tested: 15,970,000 | Rate: 500635/s | Key: 0x59f8727566133329ae5056bbf3ee83e55b
✨ Following gut feelings... Tested: 15,980,000 | Rate: 500383/s | Key: 0x4418aa757a18c6ff08bb9fa9f34717a686
✨ Following gut feelings... Tested: 15,990,000 | Rate: 500292/s | Key: 0x5dc2a8f592f9b4ea1df245f9cb4cab717f
✨ Following gut feelings... Tested: 16,000,000 | Rate: 500315/s | Key: 0x51e7b2f9688506b955b4fa23d621271989
✨ Following gut feelings... Tested: 16,010,000 | Rate: 500503/s | Key: 0x7af95e4aae66fd24b0515b30957449b3c6
✨ Following gut feelings... Tested: 16,020,000 | Rate: 500183/s | Key: 0x6d3347b3675fa6c50d04690d4ffec10970
✨ Following gut feelings... Tested: 16,030,000 | Rate: 500120/s | Key: 0x7aa81c74ac4661c511e4793c3615091f89
✨ Following gut feelings... Tested: 16,040,000 | Rate: 499995/s | Key: 0x7033990569aaa3d695c75952b8800b8551
✨ Following gut feelings... Tested: 16,050,000 | Rate: 499994/s | Key: 0x49cd08ed6891f9ec1ef80e10d4af3d4a03
✨ Following gut feelings... Tested: 16,060,000 | Rate: 499869/s | Key: 0x41d53ae274c3ff9b3849fa2fd26c50381d
✨ Following gut feelings... Tested: 16,070,000 | Rate: 499868/s | Key: 0x43b4fb033204d5966863d06a153003b535
✨ Following gut feelings... Tested: 16,080,000 | Rate: 499930/s | Key: 0x57a4877ce4b4adc0c50a518ee2a0c7534a
✨ Following gut feelings... Tested: 16,090,000 | Rate: 499806/s | Key: 0x490fd570ab387ce726508c13894af0c77b
✨ Following gut feelings... Tested: 16,100,000 | Rate: 499806/s | Key: 0x72a5400e411e29f58edf609ff7b9e4ce34
✨ Following gut feelings... Tested: 16,110,000 | Rate: 499806/s | Key: 0x62eae54da6921592df6747df7f038c77d2
✨ Following gut feelings... Tested: 16,120,000 | Rate: 499405/s | Key: 0x41ca89d3007c9bfbd9bd0d907a80b33685
✨ Following gut feelings... Tested: 16,130,000 | Rate: 499279/s | Key: 0x65c00ec945532df815d86ec64c5a6ef511
✨ Following gut feelings... Tested: 16,140,000 | Rate: 499250/s | Key: 0x51ab5bc31439112a4e8146c4a55b878ee6
✨ Following gut feelings... Tested: 16,150,000 | Rate: 499216/s | Key: 0x7a4475cb125be8859b30113765b2399f39
✨ Following gut feelings... Tested: 16,160,000 | Rate: 499203/s | Key: 0x7724ae258c2d2b6e35d946e8a3eefa1d88
✨ Following gut feelings... Tested: 16,170,000 | Rate: 499124/s | Key: 0x45a62c3f2238174630cced2a31f0a0c6ef
✨ Following gut feelings... Tested: 16,180,000 | Rate: 499247/s | Key: 0x60652b3c787390b67b8e66b1f30637c0e3
✨ Following gut feelings... Tested: 16,190,000 | Rate: 499063/s | Key: 0x7396688f8599c3be1ca16f66349865870c
✨ Following gut feelings... Tested: 16,200,000 | Rate: 498735/s | Key: 0x66f0f5b25104271755bc9e8a854c784303
✨ Following gut feelings... Tested: 16,210,000 | Rate: 498735/s | Key: 0x71757d8392c751779f243a0a7306f7d25e
✨ Following gut feelings... Tested: 16,220,000 | Rate: 498804/s | Key: 0x4a0a483b2056a63e1fa878c8a0fb0b6c20
✨ Following gut feelings... Tested: 16,230,000 | Rate: 498682/s | Key: 0x6f07698e8bd4225aea0a0f4186535868c6
✨ Following gut feelings... Tested: 16,240,000 | Rate: 498850/s | Key: 0x72201a9fcc60d5689df4b81b4e117b44c2
✨ Following gut feelings... Tested: 16,250,000 | Rate: 498973/s | Key: 0x49f33807a6ac8ec773835d99bdffa71e5a
✨ Following gut feelings... Tested: 16,260,000 | Rate: 499007/s | Key: 0x6563b2b06322aba3d2941612aec2d5a62f
✨ Following gut feelings... Tested: 16,270,000 | Rate: 498806/s | Key: 0x6ad353a038e239ab60825e30dd78c1e6b1
✨ Following gut feelings... Tested: 16,280,000 | Rate: 498684/s | Key: 0x5b9a0f5798bbd065fd03979c5e73ed43a3
✨ Following gut feelings... Tested: 16,290,000 | Rate: 498730/s | Key: 0x5609d6a723f768d4b6f507ce1e24721ab7
✨ Following gut feelings... Tested: 16,300,000 | Rate: 498893/s | Key: 0x57772b0cf3b245a35b18198d6e4427fffd
✨ Following gut feelings... Tested: 16,310,000 | Rate: 498890/s | Key: 0x65fe1881398c153df52dad138bfc361d19
✨ Following gut feelings... Tested: 16,320,000 | Rate: 498756/s | Key: 0x5f0998238c86a564e8b346f9eba2e61ea0
✨ Following gut feelings... Tested: 16,330,000 | Rate: 498878/s | Key: 0x57e0fe6da728eae2840c6f20b373b9a850
✨ Following gut feelings... Tested: 16,340,000 | Rate: 498971/s | Key: 0x57d15ef5aa7dbb3cfcec3aeedf0342d7d4
✨ Following gut feelings... Tested: 16,350,000 | Rate: 498972/s | Key: 0x59dcda295e8df0d0d7d6e3ffabb087534e
✨ Following gut feelings... Tested: 16,360,000 | Rate: 498972/s | Key: 0x64eb1062f9bf706fad1fb3052a9e7979bf
✨ Following gut feelings... Tested: 16,370,000 | Rate: 498956/s | Key: 0x5e3cada2a2cd36f73946b05707f4232e75
✨ Following gut feelings... Tested: 16,380,000 | Rate: 499201/s | Key: 0x4059837199eb5f97b17b95bbca920fd5a1
✨ Following gut feelings... Tested: 16,390,000 | Rate: 499002/s | Key: 0x7a3511f41516e7cd705151e5a4d75ebdb9
✨ Following gut feelings... Tested: 16,400,000 | Rate: 498989/s | Key: 0x591c670bd812e72140e2a4cf51d7d8d322
✨ Following gut feelings... Tested: 16,410,000 | Rate: 499050/s | Key: 0x6ff649f01c0144307db0675cfe60923163
✨ Following gut feelings... Tested: 16,420,000 | Rate: 499052/s | Key: 0x604f2ca59a986ee277b0baa241fc0c8abd
✨ Following gut feelings... Tested: 16,430,000 | Rate: 499020/s | Key: 0x4eef8dfaf0f4810158aabe299aa1421f1e
✨ Following gut feelings... Tested: 16,440,000 | Rate: 499046/s | Key: 0x6c2ce130ec6e5af7859ca1b293d7896f87
✨ Following gut feelings... Tested: 16,450,000 | Rate: 498702/s | Key: 0x6fe13ce9153dfd602f70f133679fa309a2
✨ Following gut feelings... Tested: 16,460,000 | Rate: 498858/s | Key: 0x5a2ca14478cdaea584a164463caa1d7a38
✨ Following gut feelings... Tested: 16,470,000 | Rate: 498648/s | Key: 0x6a736df25a796a80ed9854e61163389f8b
✨ Following gut feelings... Tested: 16,480,000 | Rate: 498409/s | Key: 0x49f2da822f1f0e44dd9509aa6bb39bf1e4
✨ Following gut feelings... Tested: 16,490,000 | Rate: 498409/s | Key: 0x64404bb5cd67d95d9b0cbc9ab3ea4fb04f
✨ Following gut feelings... Tested: 16,500,000 | Rate: 498409/s | Key: 0x59f2d7f2e80ed6d4d8c306d7b296a83125
✨ Following gut feelings... Tested: 16,510,000 | Rate: 498410/s | Key: 0x439a1914f2af14a8b3d23200007e7fc25d
✨ Following gut feelings... Tested: 16,520,000 | Rate: 498411/s | Key: 0x76a88d9e1ce0c24538bd30a5012f74e723
✨ Following gut feelings... Tested: 16,530,000 | Rate: 498411/s | Key: 0x6eb356ba8273024bed08f8b7fbdaa1c1a2
✨ Following gut feelings... Tested: 16,540,000 | Rate: 498472/s | Key: 0x736c414d84df4ec9b4c76110b4517dcf5d
✨ Following gut feelings... Tested: 16,550,000 | Rate: 498514/s | Key: 0x45047b14dfd944cb71972a765cc9e87e37
✨ Following gut feelings... Tested: 16,560,000 | Rate: 498515/s | Key: 0x50740e2d5b9d24ea4a7e73cddb16bb3bb5
✨ Following gut feelings... Tested: 16,570,000 | Rate: 498516/s | Key: 0x6a211db0c0d25a47eaf190b2f3c91d8230
✨ Following gut feelings... Tested: 16,580,000 | Rate: 498517/s | Key: 0x607db13f00d89ce2e84fa7c54719d97c7f
✨ Following gut feelings... Tested: 16,590,000 | Rate: 498395/s | Key: 0x46f26614036700ed726aab0fe098933d58
✨ Following gut feelings... Tested: 16,600,000 | Rate: 498275/s | Key: 0x76cbb7b588add97076b60b71f2082c0ce3
✨ Following gut feelings... Tested: 16,610,000 | Rate: 498216/s | Key: 0x5c19810f4a617fcba965e1fadad0f71186
✨ Following gut feelings... Tested: 16,620,000 | Rate: 498177/s | Key: 0x502361f4f6c63616052491628ac3a02433
✨ Following gut feelings... Tested: 16,630,000 | Rate: 497930/s | Key: 0x5e1d3d4dc64d2f45515882f6f47e304377
✨ Following gut feelings... Tested: 16,640,000 | Rate: 497812/s | Key: 0x705cf7f56e4f5afe830c9aee454b87ce4a
✨ Following gut feelings... Tested: 16,650,000 | Rate: 497855/s | Key: 0x667a13e97c12e74896b5937522a39f1555
✨ Following gut feelings... Tested: 16,660,000 | Rate: 497796/s | Key: 0x41287e050b717132ec7d685e9be91f7fc1
✨ Following gut feelings... Tested: 16,670,000 | Rate: 497897/s | Key: 0x71fb9b23cd71f48dd377121ab613550b77
✨ Following gut feelings... Tested: 16,680,000 | Rate: 497821/s | Key: 0x549d22671ec9e578205c0d245f04995e93
✨ Following gut feelings... Tested: 16,690,000 | Rate: 497881/s | Key: 0x5d1e08bb39548813586cc04d6f34b75c1f
✨ Following gut feelings... Tested: 16,700,000 | Rate: 497942/s | Key: 0x7569ea2210a214c533cb5ced2a25286fde
✨ Following gut feelings... Tested: 16,710,000 | Rate: 498041/s | Key: 0x735bc0c15aa1cb1f6061cc3ee49e9492cb
✨ Following gut feelings... Tested: 16,720,000 | Rate: 498102/s | Key: 0x6ccf14db4b99e999bce1f1e0358313e29d
✨ Following gut feelings... Tested: 16,730,000 | Rate: 498162/s | Key: 0x487756c3f8e8c790259846d814d174aa44
✨ Following gut feelings... Tested: 16,740,000 | Rate: 498046/s | Key: 0x54a1c19f4a0bfceaf070265596959e3b89
✨ Following gut feelings... Tested: 16,750,000 | Rate: 498069/s | Key: 0x55718f5b01bdf82e05bc28b40076f4a193
✨ Following gut feelings... Tested: 16,760,000 | Rate: 498088/s | Key: 0x7e1290ec3559458febd87d9994740ff6da
✨ Following gut feelings... Tested: 16,770,000 | Rate: 498223/s | Key: 0x7232a0dcef3d2733d057b9d55866fb7f29
✨ Following gut feelings... Tested: 16,780,000 | Rate: 498215/s | Key: 0x7225c077c28c5dc2a7b4ba37113cc9dbb4
✨ Following gut feelings... Tested: 16,790,000 | Rate: 498215/s | Key: 0x5b5818fb1affada9f78118ab26f5c8d99c
✨ Following gut feelings... Tested: 16,800,000 | Rate: 498214/s | Key: 0x75206b983b4e6c485eceb301391d45ff55
✨ Following gut feelings... Tested: 16,810,000 | Rate: 498096/s | Key: 0x576c80cef5bd9c8b6199ba04e3f3ab6a0f
✨ Following gut feelings... Tested: 16,820,000 | Rate: 498090/s | Key: 0x602c4ebe08bdc3dba2db3bf9cb9319d15c
✨ Following gut feelings... Tested: 16,830,000 | Rate: 497974/s | Key: 0x7751323eadb78ea1c47ecf30787787bd0d
✨ Following gut feelings... Tested: 16,840,000 | Rate: 497739/s | Key: 0x4eef7376747950f74aa585585c9c5f0ba0
✨ Following gut feelings... Tested: 16,850,000 | Rate: 497562/s | Key: 0x7810db070758e8cbbe7dc3fb4543e0244b
✨ Following gut feelings... Tested: 16,860,000 | Rate: 497331/s | Key: 0x78aecf59cd26467891568b0b8daef38b8a
✨ Following gut feelings... Tested: 16,870,000 | Rate: 497566/s | Key: 0x5687ffda19e866041d1298b4bedfa3500c
✨ Following gut feelings... Tested: 16,880,000 | Rate: 497473/s | Key: 0x4dec849a6471ce2308f75f0e8b0236caf1
✨ Following gut feelings... Tested: 16,890,000 | Rate: 497592/s | Key: 0x7559e5971e06f428db11d5b3899c03f3f7
✨ Following gut feelings... Tested: 16,900,000 | Rate: 497676/s | Key: 0x4e3dc9613d25817b4b675fe023f16a800a
✨ Following gut feelings... Tested: 16,910,000 | Rate: 497735/s | Key: 0x77856b3123b790e5197f64edf5b11c0385
✨ Following gut feelings... Tested: 16,920,000 | Rate: 497912/s | Key: 0x6a3a21a053c11d8d2140be660cab2d33f5
✨ Following gut feelings... Tested: 16,930,000 | Rate: 498089/s | Key: 0x650be9840b2beb8ccbfbe1ce2b3cd030e5
✨ Following gut feelings... Tested: 16,940,000 | Rate: 498120/s | Key: 0x575986dfa7fa39835c682552819b36fc0b
✨ Following gut feelings... Tested: 16,950,000 | Rate: 498237/s | Key: 0x7177db80761575380cdf665db735386751
✨ Following gut feelings... Tested: 16,960,000 | Rate: 498355/s | Key: 0x7f4bb244e4f5ddb16e896f850e76e76d3f
✨ Following gut feelings... Tested: 16,970,000 | Rate: 498471/s | Key: 0x6c77ef4fd56fc8a8f8a272a6e4a4024f51
✨ Following gut feelings... Tested: 16,980,000 | Rate: 498472/s | Key: 0x52dba86bd8404ad74fee9e5e16e1eea28f
✨ Following gut feelings... Tested: 16,990,000 | Rate: 498385/s | Key: 0x7cb00f723ea8f6a3d5d89bb5ed119c95e6
✨ Following gut feelings... Tested: 17,000,000 | Rate: 498459/s | Key: 0x58c51846e78b2aa1309aa42677cd892f57
✨ Following gut feelings... Tested: 17,010,000 | Rate: 498433/s | Key: 0x6e053d99b82eba50aa23a7d93082ec9e15
✨ Following gut feelings... Tested: 17,020,000 | Rate: 498578/s | Key: 0x71d771152a110effd5a6f47f7865daf93b
✨ Following gut feelings... Tested: 17,030,000 | Rate: 498684/s | Key: 0x63f186c0e4d58b17b46270a4a4574cec73
✨ Following gut feelings... Tested: 17,040,000 | Rate: 498810/s | Key: 0x5e3463db76c9dbc4c2771340f4d951981e
✨ Following gut feelings... Tested: 17,050,000 | Rate: 498810/s | Key: 0x7a749d58febc1d0e757a93f025ea4aaeb9
✨ Following gut feelings... Tested: 17,060,000 | Rate: 498879/s | Key: 0x65d35fd82ca4ade633e904061581d61b41
✨ Following gut feelings... Tested: 17,070,000 | Rate: 498843/s | Key: 0x7846ad2fed2fb8b5d1fef0aaa5635dba72
✨ Following gut feelings... Tested: 17,080,000 | Rate: 498842/s | Key: 0x5734cf2fbd53293257771fd0f339469cc3
✨ Following gut feelings... Tested: 17,090,000 | Rate: 498843/s | Key: 0x7db6a53b19f7931c4f3d9daac48f5f3a59
✨ Following gut feelings... Tested: 17,100,000 | Rate: 498871/s | Key: 0x52a16a43a900a38517c9c874c9562119a7
✨ Following gut feelings... Tested: 17,110,000 | Rate: 498755/s | Key: 0x58c3ce86ebdb4fc48a5d5e807536e857d7
✨ Following gut feelings... Tested: 17,120,000 | Rate: 498843/s | Key: 0x5162c3000db76d8794d1eb5385c24efaef
✨ Following gut feelings... Tested: 17,130,000 | Rate: 499006/s | Key: 0x63501fa3ce0a916e311b2a674a371b95aa
✨ Following gut feelings... Tested: 17,140,000 | Rate: 499006/s | Key: 0x76cc6cfaffd0e0acf907bd2c93dca1e98c
✨ Following gut feelings... Tested: 17,150,000 | Rate: 499064/s | Key: 0x7a383b3776742f7f41dc5cefb04efc9c03
✨ Following gut feelings... Tested: 17,160,000 | Rate: 499123/s | Key: 0x48936dfc82934e79c6dbfa3ff3ea85c607
✨ Following gut feelings... Tested: 17,170,000 | Rate: 499182/s | Key: 0x50c2446411cd623d8ce396d6f04df10c11
✨ Following gut feelings... Tested: 17,180,000 | Rate: 499240/s | Key: 0x6c8d1b90ec75f5dcb0d30d1e210758bbc2
✨ Following gut feelings... Tested: 17,190,000 | Rate: 499298/s | Key: 0x57be723f5cb38fb70952bf90a4819b7acc
✨ Following gut feelings... Tested: 17,200,000 | Rate: 499356/s | Key: 0x6762a57c54d6f83976336dfa57c5eaa9a5
✨ Following gut feelings... Tested: 17,210,000 | Rate: 499414/s | Key: 0x4921dd6bd9cf9b68e134a5ab658452349e
✨ Following gut feelings... Tested: 17,220,000 | Rate: 499462/s | Key: 0x57ca5ca0e5b92e6eb727986f5a2dfd6d51
✨ Following gut feelings... Tested: 17,230,000 | Rate: 499270/s | Key: 0x77a8c991975f47cf0711da29f7a27124e2
✨ Following gut feelings... Tested: 17,240,000 | Rate: 499328/s | Key: 0x4ca28ff9b286db099ce484cdf6d07e95b4
✨ Following gut feelings... Tested: 17,250,000 | Rate: 499328/s | Key: 0x4c626bfede73b59c74510b9a8a95c24f3e
✨ Following gut feelings... Tested: 17,260,000 | Rate: 499328/s | Key: 0x43fc042a86fcca3ec4f00fc36c9bbc3907
✨ Following gut feelings... Tested: 17,270,000 | Rate: 499328/s | Key: 0x611951d0c4e46a9348ac2b4a8ab505240e
✨ Following gut feelings... Tested: 17,280,000 | Rate: 499521/s | Key: 0x6819f31021b86f4129e6ba6c519ae48328
✨ Following gut feelings... Tested: 17,290,000 | Rate: 499406/s | Key: 0x5340d27812a84877e43e931a55e25c67e0
✨ Following gut feelings... Tested: 17,300,000 | Rate: 499203/s | Key: 0x638c0276a72c0c7521d4d3222417ec623c
✨ Following gut feelings... Tested: 17,310,000 | Rate: 499318/s | Key: 0x7ba65e714f3fb20ad3f285348cd02cc57e
✨ Following gut feelings... Tested: 17,320,000 | Rate: 499318/s | Key: 0x67d995584c0792bd226aad429ac51861f1
✨ Following gut feelings... Tested: 17,330,000 | Rate: 499318/s | Key: 0x517c44cd3a1730d78a72156c663c1048ca
✨ Following gut feelings... Tested: 17,340,000 | Rate: 499317/s | Key: 0x65969cb297ee5e9853ee118b017045f023
✨ Following gut feelings... Tested: 17,350,000 | Rate: 499317/s | Key: 0x5641795e863fb90ba77da6628b8a012eaf
✨ Following gut feelings... Tested: 17,360,000 | Rate: 499317/s | Key: 0x75e79407d6d7f7519be4a7640bee2da6b2
✨ Following gut feelings... Tested: 17,370,000 | Rate: 499317/s | Key: 0x756f633190a142b1879f43559188e3e690
✨ Following gut feelings... Tested: 17,380,000 | Rate: 499318/s | Key: 0x69d1a5a58143304c93555c4eb97a69bd38
✨ Following gut feelings... Tested: 17,390,000 | Rate: 499260/s | Key: 0x52568927ca5f1669edfe7544b1cc31f8a4
✨ Following gut feelings... Tested: 17,400,000 | Rate: 499354/s | Key: 0x4ebe548bd26858b956f853456a31606ffb
✨ Following gut feelings... Tested: 17,410,000 | Rate: 499121/s | Key: 0x5b8ce0081b6a7f419592497a22c8addadd
✨ Following gut feelings... Tested: 17,420,000 | Rate: 499292/s | Key: 0x723f5a56601a69f24f54bc6fa1ef392d9c
✨ Following gut feelings... Tested: 17,430,000 | Rate: 499507/s | Key: 0x7b15da951480fa72c0625e8062c2d945b7
✨ Following gut feelings... Tested: 17,440,000 | Rate: 499492/s | Key: 0x758af0fea1beaf32ac74de3d5d333016eb
✨ Following gut feelings... Tested: 17,450,000 | Rate: 499374/s | Key: 0x42c4b2d9c695d8a9257562d0f03f62f66f
✨ Following gut feelings... Tested: 17,460,000 | Rate: 499316/s | Key: 0x5a003a9724efe25b85e07b0f380dadf789
✨ Following gut feelings... Tested: 17,470,000 | Rate: 499259/s | Key: 0x486f7599b42cea2796c554e3907153e70c
✨ Following gut feelings... Tested: 17,480,000 | Rate: 499259/s | Key: 0x4b83dc366356a8406f63e05dd41899e787
✨ Following gut feelings... Tested: 17,490,000 | Rate: 499201/s | Key: 0x43367dde81028f8981858729eedc75e687
✨ Following gut feelings... Tested: 17,500,000 | Rate: 499252/s | Key: 0x71bb95077ab7e83670b9e716e1eadd99ac
✨ Following gut feelings... Tested: 17,510,000 | Rate: 499081/s | Key: 0x76b8d2b07b3012a16ea91faf4899fcb284
✨ Following gut feelings... Tested: 17,520,000 | Rate: 498910/s | Key: 0x48bd1d72d0753bc92bb12d6e5d42720e5c
✨ Following gut feelings... Tested: 17,530,000 | Rate: 498803/s | Key: 0x4a72b3cd7e238a2c2b04be1ab9493aa7c7
✨ Following gut feelings... Tested: 17,540,000 | Rate: 498778/s | Key: 0x5915c618ed0faa67de389b1c6a47ef51a2
✨ Following gut feelings... Tested: 17,550,000 | Rate: 498891/s | Key: 0x4cadd1b1a452c06ebab1ddc6b105ef60f3
✨ Following gut feelings... Tested: 17,560,000 | Rate: 499118/s | Key: 0x57ae0665ac8f438f0adfa116eda2cffa2b
✨ Following gut feelings... Tested: 17,570,000 | Rate: 499041/s | Key: 0x435b8ab1e706373c4cd9b61eba13e16df1
✨ Following gut feelings... Tested: 17,580,000 | Rate: 499098/s | Key: 0x6f9940cb4317cfbebc1a5e2e60486dc364
✨ Following gut feelings... Tested: 17,590,000 | Rate: 499155/s | Key: 0x536835f014112bcb032e1ec4d5208df4fa
✨ Following gut feelings... Tested: 17,600,000 | Rate: 499096/s | Key: 0x4f43eff163d7c60c3dbd33cbb36d50794c
✨ Following gut feelings... Tested: 17,610,000 | Rate: 499210/s | Key: 0x4691753b0f12b01cdeb3059395fe27ff53
✨ Following gut feelings... Tested: 17,620,000 | Rate: 499350/s | Key: 0x53cb8fb0d142f019ca503f7f61cc432058
✨ Following gut feelings... Tested: 17,630,000 | Rate: 499395/s | Key: 0x6a5b37cfc729e145747017d2a3333e65c9
✨ Following gut feelings... Tested: 17,640,000 | Rate: 499596/s | Key: 0x782c5fa2ea3be2f504543d0bc3d6e66dfc
✨ Following gut feelings... Tested: 17,650,000 | Rate: 499643/s | Key: 0x64501d228199c331b77ae0619bd4caab2a
✨ Following gut feelings... Tested: 17,660,000 | Rate: 499870/s | Key: 0x699d962f6cf56fce0e6e7d90dfdce70439
✨ Following gut feelings... Tested: 17,670,000 | Rate: 500096/s | Key: 0x4145626d30556c40431318f3ed23ed84c1
✨ Following gut feelings... Tested: 17,680,000 | Rate: 500020/s | Key: 0x6189fefd904ddb43e5d296709bd5152da3
✨ Following gut feelings... Tested: 17,690,000 | Rate: 499963/s | Key: 0x4011f2988d6ef0e5c6321be97e6237c6da
✨ Following gut feelings... Tested: 17,700,000 | Rate: 500090/s | Key: 0x727c495df5a012a1954d4bc397599966ed
✨ Following gut feelings... Tested: 17,710,000 | Rate: 500105/s | Key: 0x56e056c1c2c81e096af721647052ad331c
✨ Following gut feelings... Tested: 17,720,000 | Rate: 500104/s | Key: 0x6c49db6793f7086e0623df5502231d0f06
✨ Following gut feelings... Tested: 17,730,000 | Rate: 500021/s | Key: 0x6feb50af316b28a9dd2286f59c5fe01183
✨ Following gut feelings... Tested: 17,740,000 | Rate: 499820/s | Key: 0x6c4a49e764b48e92f256ac1fbc96a3d456
✨ Following gut feelings... Tested: 17,750,000 | Rate: 500044/s | Key: 0x70b2ebfcae268088dbe7f7b6c2c0474671
✨ Following gut feelings... Tested: 17,760,000 | Rate: 499931/s | Key: 0x6c306446857a7d4944ca84b53c8c154925
✨ Following gut feelings... Tested: 17,770,000 | Rate: 499818/s | Key: 0x564b189570dbda269b92ddb60d18e48029
✨ Following gut feelings... Tested: 17,780,000 | Rate: 499703/s | Key: 0x46440e5ef8c9e0dd0d1bfd905f521925b1
✨ Following gut feelings... Tested: 17,790,000 | Rate: 499659/s | Key: 0x543d2755d305e583b936182114b9750fa7
✨ Following gut feelings... Tested: 17,800,000 | Rate: 499708/s | Key: 0x5d77e02d5c9e36b22aa158881e278197f2
✨ Following gut feelings... Tested: 17,810,000 | Rate: 499707/s | Key: 0x76a1f8c4f18118265328f834ddfa7db091
✨ Following gut feelings... Tested: 17,820,000 | Rate: 499845/s | Key: 0x65c243bf0c287f4134e4dbfa82089f9a5f
✨ Following gut feelings... Tested: 17,830,000 | Rate: 500069/s | Key: 0x4602289ab786153bd063bd1e85aeac5d54
✨ Following gut feelings... Tested: 17,840,000 | Rate: 500293/s | Key: 0x400b778c9b8fd3fe513106f1a9ef10b2a6
✨ Following gut feelings... Tested: 17,850,000 | Rate: 500350/s | Key: 0x6abb0c3b72d696d940ce99cdae010a9e83
✨ Following gut feelings... Tested: 17,860,000 | Rate: 500405/s | Key: 0x5b21a34d52aa28592c7b9a6a67781cb8d1
✨ Following gut feelings... Tested: 17,870,000 | Rate: 500461/s | Key: 0x793cffa4e1174a58a34cc4a32581b0ecc7
✨ Following gut feelings... Tested: 17,880,000 | Rate: 500629/s | Key: 0x583afb1b5ad9ecb18285e7d6eb60499f22
✨ Following gut feelings... Tested: 17,890,000 | Rate: 500564/s | Key: 0x5be91f09b24200d1e84a7dbd7bd6c1ab02
✨ Following gut feelings... Tested: 17,900,000 | Rate: 500507/s | Key: 0x44a96de35c7888c32a1f11f421a9105da0
✨ Following gut feelings... Tested: 17,910,000 | Rate: 500450/s | Key: 0x5e5f628a791b8ea81e83b9b75e5bcd5fd8
✨ Following gut feelings... Tested: 17,920,000 | Rate: 500448/s | Key: 0x5615d6f1eaa89221b5f1dbecc886edd44d
✨ Following gut feelings... Tested: 17,930,000 | Rate: 500421/s | Key: 0x6fa86f4047ee49676fecf9656f5478759e
✨ Following gut feelings... Tested: 17,940,000 | Rate: 500434/s | Key: 0x56767faf0d03e0f8b5f0ffd6ffea41ac5b
✨ Following gut feelings... Tested: 17,950,000 | Rate: 500657/s | Key: 0x4772fc1647fa455dea14331e9ba4373cba
✨ Following gut feelings... Tested: 17,960,000 | Rate: 500489/s | Key: 0x61e05d8649abd49e7aaef562c69722248e
✨ Following gut feelings... Tested: 17,970,000 | Rate: 500027/s | Key: 0x6d6db58358c761445cfe0f3b890dc35570
✨ Following gut feelings... Tested: 17,980,000 | Rate: 499859/s | Key: 0x58c4922f183ad8e0f1ef7bfea95972b322
✨ Following gut feelings... Tested: 17,990,000 | Rate: 499761/s | Key: 0x46d15b8d2986d2c6d091f49ee15d77e6f1
✨ Following gut feelings... Tested: 18,000,000 | Rate: 499594/s | Key: 0x79aa73b0c3c989ed2ebcc1a4fa733cc1ff
✨ Following gut feelings... Tested: 18,010,000 | Rate: 499721/s | Key: 0x71031977b93785f50cef9b00eb6f2ed224
✨ Following gut feelings... Tested: 18,020,000 | Rate: 499721/s | Key: 0x7fe953f0b3b2f96278fc2d43a89d04ff62
✨ Following gut feelings... Tested: 18,030,000 | Rate: 499664/s | Key: 0x4772627bc88e17fe3311e01b5ffd0a2fd9
✨ Following gut feelings... Tested: 18,040,000 | Rate: 499719/s | Key: 0x7741b5816c89138df3516efdcb6c340d0a
✨ Following gut feelings... Tested: 18,050,000 | Rate: 499688/s | Key: 0x750b43f511c21e6da94b8b824e788e1fc1
✨ Following gut feelings... Tested: 18,060,000 | Rate: 499577/s | Key: 0x44fe906426a1a16fe9a9004d2eb5f76a76
✨ Following gut feelings... Tested: 18,070,000 | Rate: 499577/s | Key: 0x7717380615d1152831cedfd52792269f1f
✨ Following gut feelings... Tested: 18,080,000 | Rate: 499577/s | Key: 0x73d04619fb30eddf7cc0cd4a5f6f94410a
✨ Following gut feelings... Tested: 18,090,000 | Rate: 499576/s | Key: 0x652c109fdf673438eb07b2c9badea5b13d
✨ Following gut feelings... Tested: 18,100,000 | Rate: 499631/s | Key: 0x6ee3a99f5c042b951342103f07a2ac8563
✨ Following gut feelings... Tested: 18,110,000 | Rate: 499850/s | Key: 0x4f0ddb0cb56ada3ab1e7e2217c0a2d1c4d
✨ Following gut feelings... Tested: 18,120,000 | Rate: 500071/s | Key: 0x65782337e6abc73e4139559e18d506dfaf
✨ Following gut feelings... Tested: 18,130,000 | Rate: 500016/s | Key: 0x7970d52470cb58a04204d131c28f62b78e
✨ Following gut feelings... Tested: 18,140,000 | Rate: 499961/s | Key: 0x47758732bc65e3d8dedaded62cacb507fb
✨ Following gut feelings... Tested: 18,150,000 | Rate: 500042/s | Key: 0x5c8276093f8cf7fcf293362c8f5633c0c7
✨ Following gut feelings... Tested: 18,160,000 | Rate: 499930/s | Key: 0x7fe238b60d8aed795090ff674daaf45156
✨ Following gut feelings... Tested: 18,170,000 | Rate: 500148/s | Key: 0x674b03f6f70104707fcd477594c4b5a900
✨ Following gut feelings... Tested: 18,180,000 | Rate: 499652/s | Key: 0x7f4fd6f5283c93ae517ca812279a087d44
✨ Following gut feelings... Tested: 18,190,000 | Rate: 499565/s | Key: 0x7499a9dc6e0e3e371b298893ae29ec8edd
✨ Following gut feelings... Tested: 18,200,000 | Rate: 499785/s | Key: 0x4192e5e1363efa443b77eacad77e6588b4
✨ Following gut feelings... Tested: 18,210,000 | Rate: 499510/s | Key: 0x47279ef22878286677d857e32b6a0bef42
✨ Following gut feelings... Tested: 18,220,000 | Rate: 499509/s | Key: 0x43290c06c47cf7641e5161cacd38de31d4
✨ Following gut feelings... Tested: 18,230,000 | Rate: 499352/s | Key: 0x40c3e9d29cc5b30d87f7f7023e202108de
✨ Following gut feelings... Tested: 18,240,000 | Rate: 499290/s | Key: 0x745dc6fe3ce6adba7ba475a0584fbb33b2
✨ Following gut feelings... Tested: 18,250,000 | Rate: 499361/s | Key: 0x4d49292290c6143b26c2e525be5b2ef9a5
✨ Following gut feelings... Tested: 18,260,000 | Rate: 499580/s | Key: 0x459fe8681a7362d7245c8a5cda83d825b7
✨ Following gut feelings... Tested: 18,270,000 | Rate: 499799/s | Key: 0x750f6ed0ba579ec0c343e23a947c71208b
✨ Following gut feelings... Tested: 18,280,000 | Rate: 500018/s | Key: 0x4bd200ccd3e23b8883301a4a0996bcd6a1
✨ Following gut feelings... Tested: 18,290,000 | Rate: 500232/s | Key: 0x5fdb40dfa65f6e1f9c87ef808dd91f7a30
✨ Following gut feelings... Tested: 18,300,000 | Rate: 500137/s | Key: 0x57f47de9237383691c764f0a8cb3e9eb00
✨ Following gut feelings... Tested: 18,310,000 | Rate: 499973/s | Key: 0x60de7e1cfebee7bbd48a9e4b6775b089c0
✨ Following gut feelings... Tested: 18,320,000 | Rate: 500137/s | Key: 0x606936b11a3f006d1453cec632da6acd1d
✨ Following gut feelings... Tested: 18,330,000 | Rate: 500135/s | Key: 0x7cfe2161890e528ff0758640fbf9bd1d5b
✨ Following gut feelings... Tested: 18,340,000 | Rate: 500038/s | Key: 0x532bf427fa2edf6aae4b4a9dadd2c74f3e
✨ Following gut feelings... Tested: 18,350,000 | Rate: 499983/s | Key: 0x5bef72014457079ce3a5507ddf1c3c9307
✨ Following gut feelings... Tested: 18,360,000 | Rate: 500201/s | Key: 0x4d0e29b275e0cf475151631fba3b69b099
✨ Following gut feelings... Tested: 18,370,000 | Rate: 500201/s | Key: 0x65f5a3340c2e9b6c8abae091fd505e892b
✨ Following gut feelings... Tested: 18,380,000 | Rate: 500419/s | Key: 0x7aa582c2daf42a3864c2f6cc959c0a70cf
✨ Following gut feelings... Tested: 18,390,000 | Rate: 500637/s | Key: 0x5de1e8cefe0f4052d0de63638cca05ed88
✨ Following gut feelings... Tested: 18,400,000 | Rate: 500638/s | Key: 0x5c5ebf38407349a7e8e34b6449a3787d15
✨ Following gut feelings... Tested: 18,410,000 | Rate: 500467/s | Key: 0x76e5abb323fb220d5b7c5c6b506fdbc963
✨ Following gut feelings... Tested: 18,420,000 | Rate: 500086/s | Key: 0x588afd6c8478b9bb8224186b1dbce9af0d
✨ Following gut feelings... Tested: 18,430,000 | Rate: 500030/s | Key: 0x662705199215ba0a3d223e96fac043959a
✨ Following gut feelings... Tested: 18,440,000 | Rate: 499922/s | Key: 0x7f748688d0a6e8e9965b47800d1e27a212
✨ Following gut feelings... Tested: 18,450,000 | Rate: 499867/s | Key: 0x79620c9b4cf50411b519c194bc51bc4db1
✨ Following gut feelings... Tested: 18,460,000 | Rate: 499811/s | Key: 0x7550b97e9375ca3aef94de56270b712e7a
✨ Following gut feelings... Tested: 18,470,000 | Rate: 499811/s | Key: 0x7497caa82a6b021f17b0de5384038c0f41
✨ Following gut feelings... Tested: 18,480,000 | Rate: 499748/s | Key: 0x7e4a298de7a7d837bc3a2f418c8b9835e8
✨ Following gut feelings... Tested: 18,490,000 | Rate: 499748/s | Key: 0x46935a7cf293a80b85d80739e7a98c71fb
✨ Following gut feelings... Tested: 18,500,000 | Rate: 499747/s | Key: 0x50dd7495f7d513a1f0efb4a420f05a399c
✨ Following gut feelings... Tested: 18,510,000 | Rate: 499747/s | Key: 0x4ff918dfe7352cecbff9ae952aca97efd1
✨ Following gut feelings... Tested: 18,520,000 | Rate: 499793/s | Key: 0x6ee604899e8fc65c305ed1588e1439d8c1
✨ Following gut feelings... Tested: 18,530,000 | Rate: 499812/s | Key: 0x69ccb47b635ccbaa9dfe9c5adaeb187a97
✨ Following gut feelings... Tested: 18,540,000 | Rate: 499825/s | Key: 0x53fc39fba30f31642d3da0e5b18528ad89
✨ Following gut feelings... Tested: 18,550,000 | Rate: 499825/s | Key: 0x7f3503c6fe746b8a1f97ea536917c26967
✨ Following gut feelings... Tested: 18,560,000 | Rate: 499703/s | Key: 0x7e39907e1f967379e3ccb4cf440a4577aa
✨ Following gut feelings... Tested: 18,570,000 | Rate: 499716/s | Key: 0x5eb3b26bab356a4a60bc875b48d5b19564
✨ Following gut feelings... Tested: 18,580,000 | Rate: 499931/s | Key: 0x50ded8cd0491f0c42e0a2cbf61241e66e0
✨ Following gut feelings... Tested: 18,590,000 | Rate: 500038/s | Key: 0x7a31316493583ad79ed905fb81f59cfd7f
✨ Following gut feelings... Tested: 18,600,000 | Rate: 499600/s | Key: 0x5a2f9822af65396f1f9f42b8fa9d53e4e1
✨ Following gut feelings... Tested: 18,610,000 | Rate: 499386/s | Key: 0x49291dd4c1192abcd1377f7ab9d4abd1a8
✨ Following gut feelings... Tested: 18,620,000 | Rate: 499383/s | Key: 0x7f5989bb6a5ce7e26d1e535c64384bb417
✨ Following gut feelings... Tested: 18,630,000 | Rate: 499222/s | Key: 0x549e82afe9a8cbb7b6bb7b8007254e1731
✨ Following gut feelings... Tested: 18,640,000 | Rate: 499173/s | Key: 0x4c906b730bef85fc4b5cb44f2aebd42bde
✨ Following gut feelings... Tested: 18,650,000 | Rate: 499107/s | Key: 0x4597696b10d81e2d742203a12efe06a7aa
✨ Following gut feelings... Tested: 18,660,000 | Rate: 499106/s | Key: 0x49de8caddd7ab842415bb3fcfd2907815f
✨ Following gut feelings... Tested: 18,670,000 | Rate: 499106/s | Key: 0x4e5760e7929a53b26a9ca2ae4dacf5405f
✨ Following gut feelings... Tested: 18,680,000 | Rate: 499212/s | Key: 0x449e57a7d7153ffd926f4947a6e61a1e5f
✨ Following gut feelings... Tested: 18,690,000 | Rate: 499278/s | Key: 0x790bf0287f5c53cea89184fdaf24b6aa6b
✨ Following gut feelings... Tested: 18,700,000 | Rate: 499277/s | Key: 0x6f35ce160ae0b6685be6a4d41c286cad77
✨ Following gut feelings... Tested: 18,710,000 | Rate: 499331/s | Key: 0x6cf5ea086fd94dfee554f0c62eed32e82b
✨ Following gut feelings... Tested: 18,720,000 | Rate: 499331/s | Key: 0x4a5fbb954f900cc8d7824eee2b97e34d47
✨ Following gut feelings... Tested: 18,730,000 | Rate: 499491/s | Key: 0x5d0b7824730120c4b4bdc7b35b0dc9c53b
✨ Following gut feelings... Tested: 18,740,000 | Rate: 499597/s | Key: 0x4ee18296667b01d2361ac2134ab31f277e
✨ Following gut feelings... Tested: 18,750,000 | Rate: 499612/s | Key: 0x7b0e9945a0e0e1d349b3aa661278918c14
✨ Following gut feelings... Tested: 18,760,000 | Rate: 499662/s | Key: 0x4531137f38abf02d41e5e9e4c0245ac57d
✨ Following gut feelings... Tested: 18,770,000 | Rate: 499662/s | Key: 0x54e13c95366f636a054c7ef9f37e5c739b
✨ Following gut feelings... Tested: 18,780,000 | Rate: 499740/s | Key: 0x41b01e16873843644bacbff7ceb61a361b
✨ Following gut feelings... Tested: 18,790,000 | Rate: 499954/s | Key: 0x6a5418751e3cebeb2efd2e745712610b1e
✨ Following gut feelings... Tested: 18,800,000 | Rate: 499769/s | Key: 0x770c015e4c366a1ce47b64ec7a0f01d6e9
✨ Following gut feelings... Tested: 18,810,000 | Rate: 499767/s | Key: 0x795be0bed995e3bca5d451bbe9de9f037c
✨ Following gut feelings... Tested: 18,820,000 | Rate: 499805/s | Key: 0x68e0053a7c6d04ff3f07bab8308dbcf9c9
✨ Following gut feelings... Tested: 18,830,000 | Rate: 499713/s | Key: 0x570e516dc8959e7cd1fd57d0aa4b6dc799
✨ Following gut feelings... Tested: 18,840,000 | Rate: 499585/s | Key: 0x674dddef8304a73737655463a9685cfc9a
✨ Following gut feelings... Tested: 18,850,000 | Rate: 499479/s | Key: 0x709195b98b87c0e69bd6e08afff206ab3f
✨ Following gut feelings... Tested: 18,860,000 | Rate: 499559/s | Key: 0x43be23045e307bd47c770d3eaecf550e7e
✨ Following gut feelings... Tested: 18,870,000 | Rate: 499375/s | Key: 0x54779a25cd88b52b457bdcd071137f805e
✨ Following gut feelings... Tested: 18,880,000 | Rate: 499345/s | Key: 0x566c9467c74090f03836386e39849994d6
✨ Following gut feelings... Tested: 18,890,000 | Rate: 499399/s | Key: 0x79c6a2aae909cb95a989bf843514761c30
✨ Following gut feelings... Tested: 18,900,000 | Rate: 499449/s | Key: 0x7d2af7b58fd0c5f3bc57a79c7b40b9b066
✨ Following gut feelings... Tested: 18,910,000 | Rate: 499449/s | Key: 0x534ac52fd489524c7ee1010c537ac7f336
✨ Following gut feelings... Tested: 18,920,000 | Rate: 499449/s | Key: 0x6939018c17102da1fca0b5dfdd133e7bea
✨ Following gut feelings... Tested: 18,930,000 | Rate: 499448/s | Key: 0x53724dbd42fe120b92826e5098e250b5fa
✨ Following gut feelings... Tested: 18,940,000 | Rate: 499395/s | Key: 0x7fc94e51a951d76dade7301d95ca6afe3b
✨ Following gut feelings... Tested: 18,950,000 | Rate: 499395/s | Key: 0x43dbdc022b57336b49d835eaf097e01f95
✨ Following gut feelings... Tested: 18,960,000 | Rate: 499395/s | Key: 0x7faaca7283181f3fb54d2d24d9e9103012
✨ Following gut feelings... Tested: 18,970,000 | Rate: 499397/s | Key: 0x4428bc20d7c1098ca45e468837892e355e
✨ Following gut feelings... Tested: 18,980,000 | Rate: 499287/s | Key: 0x54dc1c7bdf4a06c7688ea76e5f5a43d35e
✨ Following gut feelings... Tested: 18,990,000 | Rate: 499182/s | Key: 0x6156c188c951945c7d4d645c1fe2fb4bc7
✨ Following gut feelings... Tested: 19,000,000 | Rate: 499140/s | Key: 0x500f813d33ed90d7f5304f9f8b839fc91a
✨ Following gut feelings... Tested: 19,010,000 | Rate: 499140/s | Key: 0x74c8bf5d002d8594b3919dc4647dc37289
✨ Following gut feelings... Tested: 19,020,000 | Rate: 499140/s | Key: 0x40c41005f799dee88d2f0c0c5f6238067f
✨ Following gut feelings... Tested: 19,030,000 | Rate: 499350/s | Key: 0x5df07e1631e124eb7b092573fa8430c8cc
✨ Following gut feelings... Tested: 19,040,000 | Rate: 499559/s | Key: 0x505dc6b29b20c89bdaba279ff33e05ed54
✨ Following gut feelings... Tested: 19,050,000 | Rate: 499418/s | Key: 0x44184a14088eda18ee856b48fbd5ad28d4
✨ Following gut feelings... Tested: 19,060,000 | Rate: 499208/s | Key: 0x7327960fc7b1513ea1e9d961efc82aa670
✨ Following gut feelings... Tested: 19,070,000 | Rate: 499104/s | Key: 0x532cc7b69f2e79f51eff09eb2aaf4f9b42
✨ Following gut feelings... Tested: 19,080,000 | Rate: 499095/s | Key: 0x56d881c12aecf883e1a46deb956d3b1c5e
✨ Following gut feelings... Tested: 19,090,000 | Rate: 499102/s | Key: 0x6fa0273091f89331356c40c05e7dea119f
✨ Following gut feelings... Tested: 19,100,000 | Rate: 499071/s | Key: 0x6b84f550df63e03f994e0c6c0c5f910f6f
✨ Following gut feelings... Tested: 19,110,000 | Rate: 499174/s | Key: 0x5beab783801c877c14056a4d2bd8356d59
✨ Following gut feelings... Tested: 19,120,000 | Rate: 499226/s | Key: 0x5aa9f32d7f44beb315772e79b15a2c7256
✨ Following gut feelings... Tested: 19,130,000 | Rate: 499279/s | Key: 0x412e54d617274664ad25b3d555e29840b1
✨ Following gut feelings... Tested: 19,140,000 | Rate: 499379/s | Key: 0x7acc4c75cb9366621c51537a822eef9799
✨ Following gut feelings... Tested: 19,150,000 | Rate: 499446/s | Key: 0x6b720294652256b83645174c33e87af42b
✨ Following gut feelings... Tested: 19,160,000 | Rate: 499442/s | Key: 0x76dff64c2c7c2febee081c85c1e39ae9f8
✨ Following gut feelings... Tested: 19,170,000 | Rate: 499442/s | Key: 0x6a784771f66c8413e49bca2bf8411b339f
✨ Following gut feelings... Tested: 19,180,000 | Rate: 499495/s | Key: 0x52a26564d514118761f1610354aa39fcb6
✨ Following gut feelings... Tested: 19,190,000 | Rate: 499547/s | Key: 0x55d08e2be81c43f06b31478fcec207cb89
✨ Following gut feelings... Tested: 19,200,000 | Rate: 499599/s | Key: 0x5daefa182487fe1acd1c83f85d14b0cdc7
✨ Following gut feelings... Tested: 19,210,000 | Rate: 499703/s | Key: 0x572537e210c2d4cad354e299238229ab5d
✨ Following gut feelings... Tested: 19,220,000 | Rate: 499701/s | Key: 0x6ce21e15e0fd4f891428e9c65af02f77f6
✨ Following gut feelings... Tested: 19,230,000 | Rate: 499803/s | Key: 0x468e64cffca65910cb325f117b1c75ef0d
✨ Following gut feelings... Tested: 19,240,000 | Rate: 499907/s | Key: 0x48d5e288c456b60e4a2e7d5de2d1750b19
✨ Following gut feelings... Tested: 19,250,000 | Rate: 499907/s | Key: 0x5ea71583f44b01815bdfa6a212502c1d35
✨ Following gut feelings... Tested: 19,260,000 | Rate: 499855/s | Key: 0x52b49ddb38a3e62c3944d7121c1f70818d
✨ Following gut feelings... Tested: 19,270,000 | Rate: 499800/s | Key: 0x6c34b3c922e287e0abc7fbacd835f9e262
✨ Following gut feelings... Tested: 19,280,000 | Rate: 499685/s | Key: 0x681b1bf0cf7a9ec6df0395229a1cde8a72
✨ Following gut feelings... Tested: 19,290,000 | Rate: 499530/s | Key: 0x473f605ab3b91a87406fd38f8e9cbee382
✨ Following gut feelings... Tested: 19,300,000 | Rate: 499477/s | Key: 0x5fd94ddc925f31afa695344fc63cdd1d7d
✨ Following gut feelings... Tested: 19,310,000 | Rate: 499527/s | Key: 0x47f630144a1e4cff7f35e10b14c4d0c460
✨ Following gut feelings... Tested: 19,320,000 | Rate: 499497/s | Key: 0x5f60acfa26d1588c7f72481beaabd3c5a7
✨ Following gut feelings... Tested: 19,330,000 | Rate: 499547/s | Key: 0x4621a42c5fec85be2669a61ef490632563
✨ Following gut feelings... Tested: 19,340,000 | Rate: 499631/s | Key: 0x430cf38df43416c3953ff045122eec2fbf
✨ Following gut feelings... Tested: 19,350,000 | Rate: 499683/s | Key: 0x78815af408049e0213f734e1db01776076
✨ Following gut feelings... Tested: 19,360,000 | Rate: 499784/s | Key: 0x441bde7859505351d7fb8898bf8d5fb070
✨ Following gut feelings... Tested: 19,370,000 | Rate: 499835/s | Key: 0x400db33c5a581cd65a6a36e664ba5af42d
✨ Following gut feelings... Tested: 19,380,000 | Rate: 499849/s | Key: 0x53d5a1107d474422bfb77dbcc0ec28c35b
✨ Following gut feelings... Tested: 19,390,000 | Rate: 499798/s | Key: 0x4e372080de7f6bbfe79f3c2d5f2167172a
✨ Following gut feelings... Tested: 19,400,000 | Rate: 499798/s | Key: 0x4347dd5eb21888524da4f06118ba53268f
✨ Following gut feelings... Tested: 19,410,000 | Rate: 499850/s | Key: 0x4d79f01b9e7f6405c2d9dbc35218d35136
✨ Following gut feelings... Tested: 19,420,000 | Rate: 499850/s | Key: 0x47b5c688624b5ffb13abccada67e67ed3b
✨ Following gut feelings... Tested: 19,430,000 | Rate: 499901/s | Key: 0x537c6a5d45468f15e4c2a55c50c40a56d4
✨ Following gut feelings... Tested: 19,440,000 | Rate: 499882/s | Key: 0x6aac2e7171b17614c1d8d27c6d6ca828ac
✨ Following gut feelings... Tested: 19,450,000 | Rate: 499882/s | Key: 0x6b6c82409dba3590df1408854344b4844d
✨ Following gut feelings... Tested: 19,460,000 | Rate: 499933/s | Key: 0x5cc75bd6c3000f43cde84337495233d9fe
✨ Following gut feelings... Tested: 19,470,000 | Rate: 499881/s | Key: 0x4ebd9174b75551a1c43583e3a9f1c027ef
✨ Following gut feelings... Tested: 19,480,000 | Rate: 499514/s | Key: 0x50dddb8e8e6b721eccfa82f6a680910f61
✨ Following gut feelings... Tested: 19,490,000 | Rate: 499565/s | Key: 0x66fc6e41a0774d5e7bad085d3d7467d800
✨ Following gut feelings... Tested: 19,500,000 | Rate: 499642/s | Key: 0x43e6cf6d225037f342a070fc636298c16d
✨ Following gut feelings... Tested: 19,510,000 | Rate: 499310/s | Key: 0x5a55aa4ad083d02aef86f59900869d2534
✨ Following gut feelings... Tested: 19,520,000 | Rate: 499156/s | Key: 0x4b8cb169fa938293a61e6805b8eeb1d1df
✨ Following gut feelings... Tested: 19,530,000 | Rate: 499207/s | Key: 0x4ab34091f565aadead907d9b7c7beb8354
✨ Following gut feelings... Tested: 19,540,000 | Rate: 499207/s | Key: 0x62cd43811bc6fb4006343aa14ecc95e38f
✨ Following gut feelings... Tested: 19,550,000 | Rate: 499258/s | Key: 0x51676a808a68430ab62919058ea3364a4c
✨ Following gut feelings... Tested: 19,560,000 | Rate: 499309/s | Key: 0x4a0a9a0832765c73c71547299c26bed49c
✨ Following gut feelings... Tested: 19,570,000 | Rate: 499360/s | Key: 0x6def94a8042e4e4586639206e0a1cc0100
✨ Following gut feelings... Tested: 19,580,000 | Rate: 499412/s | Key: 0x40e30c0d54e2ae4a5a7b4a7bb0c127fd7e
✨ Following gut feelings... Tested: 19,590,000 | Rate: 499463/s | Key: 0x6ab788e1c7ed4588c2c794d6e6621f5726
✨ Following gut feelings... Tested: 19,600,000 | Rate: 499513/s | Key: 0x798a8d879c5561f14cd19d7cceb3643cfd
✨ Following gut feelings... Tested: 19,610,000 | Rate: 499564/s | Key: 0x64708c2cee591d5a91aa29cc7d2d45835a
✨ Following gut feelings... Tested: 19,620,000 | Rate: 499615/s | Key: 0x50cd2cd7af5d1e6a5cbd709232e44603cc
✨ Following gut feelings... Tested: 19,630,000 | Rate: 499666/s | Key: 0x4cd67567b2a7335bacd4f197ec8e939a9c
✨ Following gut feelings... Tested: 19,640,000 | Rate: 499716/s | Key: 0x7e1e7272cba7bf817e5ee397c309392e28
✨ Following gut feelings... Tested: 19,650,000 | Rate: 499716/s | Key: 0x4539431e7bc740daca05f529cd41352629
✨ Following gut feelings... Tested: 19,660,000 | Rate: 499817/s | Key: 0x55f72cf79ff96120c3576357dbf47a0cd4
✨ Following gut feelings... Tested: 19,670,000 | Rate: 499816/s | Key: 0x4d021a925b2ce7b7399237ee3fe0995def
✨ Following gut feelings... Tested: 19,680,000 | Rate: 499816/s | Key: 0x4d1052f78906e987fbc583aa6951caa606
✨ Following gut feelings... Tested: 19,690,000 | Rate: 499888/s | Key: 0x6d7db12db8551a5802e249e5e2c8eec72a
✨ Following gut feelings... Tested: 19,700,000 | Rate: 500091/s | Key: 0x79a715eed740f1a81c3e3388d8a103e54a
✨ Following gut feelings... Tested: 19,710,000 | Rate: 499837/s | Key: 0x67153e711928cec5660db475e0a170454d
✨ Following gut feelings... Tested: 19,720,000 | Rate: 499810/s | Key: 0x5df05e9054013da7e73830343f362ad05d
✨ Following gut feelings... Tested: 19,730,000 | Rate: 499658/s | Key: 0x6fff4819a067103933a4ea993e3f6a78ce
✨ Following gut feelings... Tested: 19,740,000 | Rate: 499708/s | Key: 0x5f4ba171f3703ac13a54f6126f49fa770e
✨ Following gut feelings... Tested: 19,750,000 | Rate: 499634/s | Key: 0x44951a848dd85b67c60234bf14c94607ad
✨ Following gut feelings... Tested: 19,760,000 | Rate: 499519/s | Key: 0x635698e39be8da2ec95b1fe5c3d78b2b7a
✨ Following gut feelings... Tested: 19,770,000 | Rate: 499468/s | Key: 0x48d8706fc6c8138906a39b56a511e06637
✨ Following gut feelings... Tested: 19,780,000 | Rate: 499418/s | Key: 0x63cceb4b27bc40f603841b2095030860fe
✨ Following gut feelings... Tested: 19,790,000 | Rate: 499266/s | Key: 0x79d08ab68dc49a297fc3f812665b465042
✨ Following gut feelings... Tested: 19,800,000 | Rate: 499314/s | Key: 0x7c986501860d05917f9e6e88b2ab59bbf7
✨ Following gut feelings... Tested: 19,810,000 | Rate: 499354/s | Key: 0x588fb4a1e2e3617754eafffef214f45697
✨ Following gut feelings... Tested: 19,820,000 | Rate: 499554/s | Key: 0x48a146a6591c6f27bae6e1862c6ed7ef7f
✨ Following gut feelings... Tested: 19,830,000 | Rate: 499453/s | Key: 0x6cff03593db0e850a28eb08ce16eb3c0b8
✨ Following gut feelings... Tested: 19,840,000 | Rate: 499503/s | Key: 0x431ab795183ef565e55876fc588e9bbd78
✨ Following gut feelings... Tested: 19,850,000 | Rate: 499463/s | Key: 0x43d1d32039b44930a91b4e97832c3bc4f2
✨ Following gut feelings... Tested: 19,860,000 | Rate: 499414/s | Key: 0x6663701194f0865722923b8f47a968fa9a
✨ Following gut feelings... Tested: 19,870,000 | Rate: 499459/s | Key: 0x6232f40952a05ffc6e3c6bc6d79924e6f1
✨ Following gut feelings... Tested: 19,880,000 | Rate: 499461/s | Key: 0x66e05f39266caf27e508e5767f6a10144d
✨ Following gut feelings... Tested: 19,890,000 | Rate: 499460/s | Key: 0x538dbfd7cb8d7d23b77ce892ba8f7124f4
✨ Following gut feelings... Tested: 19,900,000 | Rate: 499497/s | Key: 0x40a4a5442535e224f8eb3fe331772e9d0f
✨ Following gut feelings... Tested: 19,910,000 | Rate: 499443/s | Key: 0x6ae8adde743de63c5d6be4ef139de31620
✨ Following gut feelings... Tested: 19,920,000 | Rate: 499543/s | Key: 0x4e40a8851953068b7f463731934a934de9
✨ Following gut feelings... Tested: 19,930,000 | Rate: 499390/s | Key: 0x56470a2f22d3143e3d3517d861e7f6da50
✨ Following gut feelings... Tested: 19,940,000 | Rate: 499541/s | Key: 0x611a0a5d54e34f397d717fbe4bfc7936b5
✨ Following gut feelings... Tested: 19,950,000 | Rate: 499271/s | Key: 0x7dac15aaa7fb242c373b18170928104f04
✨ Following gut feelings... Tested: 19,960,000 | Rate: 499270/s | Key: 0x5d26c1c806d445ab20ea1185f78d410ad4
✨ Following gut feelings... Tested: 19,970,000 | Rate: 499245/s | Key: 0x5fd7b8177de8fc03921d8211f6fd8837ae
✨ Following gut feelings... Tested: 19,980,000 | Rate: 499183/s | Key: 0x7ee8423287f52f05f6b8be59c3166f955c
✨ Following gut feelings... Tested: 19,990,000 | Rate: 499134/s | Key: 0x5ecdfae7f7366141c7336ce9cc1967e8be
✨ Following gut feelings... Tested: 20,000,000 | Rate: 499058/s | Key: 0x4d5353cfda8cc1336dd608701a11fa42e3
✨ Following gut feelings... Tested: 20,010,000 | Rate: 499257/s | Key: 0x64eda4aabc55d11629a87acad7a2721dcb
✨ Following gut feelings... Tested: 20,020,000 | Rate: 499247/s | Key: 0x6e461761713c9f1d18d90174997fb8956f
✨ Following gut feelings... Tested: 20,030,000 | Rate: 499124/s | Key: 0x5d06756610e039dfe924237995412d5e5a
✨ Following gut feelings... Tested: 20,040,000 | Rate: 499123/s | Key: 0x69f006b58a990218419f53fe0343142bf7
✨ Following gut feelings... Tested: 20,050,000 | Rate: 499071/s | Key: 0x58579e1f3f78111ecb983c83190d40522c
✨ Following gut feelings... Tested: 20,060,000 | Rate: 499270/s | Key: 0x6d86bc9272c5bb018872ff1d0333f30459
✨ Following gut feelings... Tested: 20,070,000 | Rate: 499109/s | Key: 0x5bf90f4191d81335b3ea8b528a065e56c2
✨ Following gut feelings... Tested: 20,080,000 | Rate: 499109/s | Key: 0x6b77122ea98d91c869716dc89b5e862694
✨ Following gut feelings... Tested: 20,090,000 | Rate: 498989/s | Key: 0x626d76b5fd7d54439777eeea50f7d88c73
✨ Following gut feelings... Tested: 20,100,000 | Rate: 499039/s | Key: 0x78ca3b1ed20566c551f90d1ddaddc519ea
✨ Following gut feelings... Tested: 20,110,000 | Rate: 499099/s | Key: 0x5e896dd4a35ece2c7a9ee9f4474af129c7
✨ Following gut feelings... Tested: 20,120,000 | Rate: 499297/s | Key: 0x5a21c3b66159b690e78338a3fc69289239
✨ Following gut feelings... Tested: 20,130,000 | Rate: 499276/s | Key: 0x6e0cd5a7af5fddb0512ea024d5de9f7ce6
✨ Following gut feelings... Tested: 20,140,000 | Rate: 499268/s | Key: 0x698f7d3416241d9cea6c943b70be6d9d1c
✨ Following gut feelings... Tested: 20,150,000 | Rate: 499258/s | Key: 0x431026037ac23fa16f3d29f1fb0a72bd63
✨ Following gut feelings... Tested: 20,160,000 | Rate: 499195/s | Key: 0x7413ea541943407cb709e2f0beb9add492
✨ Following gut feelings... Tested: 20,170,000 | Rate: 499132/s | Key: 0x40db868514d0f80e89c003977ce100076e
✨ Following gut feelings... Tested: 20,180,000 | Rate: 499170/s | Key: 0x60afe327abd13da60335a6a8820e74a589
✨ Following gut feelings... Tested: 20,190,000 | Rate: 499318/s | Key: 0x6da80ca37a48dbbdf08dfd65291324b4b8
✨ Following gut feelings... Tested: 20,200,000 | Rate: 499396/s | Key: 0x6adf7eaf1c1122402b43ff54d5142675b9
✨ Following gut feelings... Tested: 20,210,000 | Rate: 499396/s | Key: 0x6c9d0e591dda1f0ebfc701538b133ccdfe
✨ Following gut feelings... Tested: 20,220,000 | Rate: 499395/s | Key: 0x7bf6d2ad2ac2f04be855bf5b4cc14fb9d0
✨ Following gut feelings... Tested: 20,230,000 | Rate: 499560/s | Key: 0x6efa048702b2dc9c22e4879c248b157639
✨ Following gut feelings... Tested: 20,240,000 | Rate: 499537/s | Key: 0x6dd3c3c2dec6869e0ae0ec3624899ff7b2
✨ Following gut feelings... Tested: 20,250,000 | Rate: 499685/s | Key: 0x560c4143d291f71a81b2fcbfa58991a542
✨ Following gut feelings... Tested: 20,260,000 | Rate: 499702/s | Key: 0x5f7109c8c4b868b7565702f26c8c16b022
✨ Following gut feelings... Tested: 20,270,000 | Rate: 499852/s | Key: 0x51bebec8a970e952d4f452b332512af5cc
✨ Following gut feelings... Tested: 20,280,000 | Rate: 499782/s | Key: 0x6af5348107c95c231ad3a9c07fef714489
✨ Following gut feelings... Tested: 20,290,000 | Rate: 499844/s | Key: 0x772308de005a2ebb51ca121e066386bf56
✨ Following gut feelings... Tested: 20,300,000 | Rate: 499979/s | Key: 0x685168e31a710da00966aedc4f3822ac29
✨ Following gut feelings... Tested: 20,310,000 | Rate: 499893/s | Key: 0x469da9e4f6d4361930876ae6b9c91dd3f3
✨ Following gut feelings... Tested: 20,320,000 | Rate: 499816/s | Key: 0x685fc910a6c597f377a46b10b4ee953d8b
✨ Following gut feelings... Tested: 20,330,000 | Rate: 499865/s | Key: 0x5782cf4f62bac0e04215cfc29bca7745c9
✨ Following gut feelings... Tested: 20,340,000 | Rate: 499767/s | Key: 0x7d18996853c0d711e8e7f03b9b4c7eb1f7
✨ Following gut feelings... Tested: 20,350,000 | Rate: 499682/s | Key: 0x52df30addf7f84982ff0b21eca95f68223
✨ Following gut feelings... Tested: 20,360,000 | Rate: 499681/s | Key: 0x7d06c0308e823525246db06205bd279528
✨ Following gut feelings... Tested: 20,370,000 | Rate: 499801/s | Key: 0x792f017ee60356932b4d7fde1b84b3d7d0
✨ Following gut feelings... Tested: 20,380,000 | Rate: 499578/s | Key: 0x58e9fc8cd8e6f7b28f13531bf8b4032d50
✨ Following gut feelings... Tested: 20,390,000 | Rate: 499420/s | Key: 0x55ba04ef70af0b8036296d3436e8feb35c
✨ Following gut feelings... Tested: 20,400,000 | Rate: 499420/s | Key: 0x6c09e1db361aa2a5f108da0f8fcf730d13
✨ Following gut feelings... Tested: 20,410,000 | Rate: 499420/s | Key: 0x71ec4596db716b00844143e112b981ec0e
✨ Following gut feelings... Tested: 20,420,000 | Rate: 499420/s | Key: 0x6f4a481a4bbb9fc89ecb0c517b9c2046ee
✨ Following gut feelings... Tested: 20,430,000 | Rate: 499420/s | Key: 0x6461b323bae9f282b8808f7dd8158912c0
✨ Following gut feelings... Tested: 20,440,000 | Rate: 499421/s | Key: 0x664eb892dec60d5148f4ad00f7af95de80
✨ Following gut feelings... Tested: 20,450,000 | Rate: 499372/s | Key: 0x56782e92f5cd52d8b9f0fa95d0725b7f9d
✨ Following gut feelings... Tested: 20,460,000 | Rate: 499420/s | Key: 0x75ae1c8890d44ccd1416de2e1821229431
✨ Following gut feelings... Tested: 20,470,000 | Rate: 499466/s | Key: 0x7678b1a52d1511cb06ce73ecd0c604ce24
✨ Following gut feelings... Tested: 20,480,000 | Rate: 499418/s | Key: 0x75adc381fa084030b3509e2268f4428733
✨ Following gut feelings... Tested: 20,490,000 | Rate: 499415/s | Key: 0x5cb023d4b5089d1c0e04fd3fbf5f06a910
✨ Following gut feelings... Tested: 20,500,000 | Rate: 499464/s | Key: 0x74163a3739c5c568fd44dbdada9f80e1d1
✨ Following gut feelings... Tested: 20,510,000 | Rate: 499464/s | Key: 0x5cf8aa4486d0120439b6f7edc35958d47c
✨ Following gut feelings... Tested: 20,520,000 | Rate: 499464/s | Key: 0x4584660811d77457750e8d68be464b0803
✨ Following gut feelings... Tested: 20,530,000 | Rate: 499464/s | Key: 0x6daf7b13b6a27df54efa4e27e8c9cd792a
✨ Following gut feelings... Tested: 20,540,000 | Rate: 499458/s | Key: 0x7852eabdc6646473e38b0cecdefac7e402
✨ Following gut feelings... Tested: 20,550,000 | Rate: 499457/s | Key: 0x72ff8c549d39396ab53c5e7f8a67ada7f8
✨ Following gut feelings... Tested: 20,560,000 | Rate: 499456/s | Key: 0x6b8e8104e3a2f34e59a57df884fe146eaa
✨ Following gut feelings... Tested: 20,570,000 | Rate: 499455/s | Key: 0x74c5b60b8cfdba555aacbab381d3c92214
✨ Following gut feelings... Tested: 20,580,000 | Rate: 499407/s | Key: 0x59235fdb04ff501ed55cf38b063edcf48a
✨ Following gut feelings... Tested: 20,590,000 | Rate: 499407/s | Key: 0x446969e0175c22c3064716f99a8a081547
✨ Following gut feelings... Tested: 20,600,000 | Rate: 499455/s | Key: 0x7a2ed0cab13419d54cd44c7f177b4d9529
✨ Following gut feelings... Tested: 20,610,000 | Rate: 499455/s | Key: 0x64c60fcba6710dc87222cce2c128219f20
✨ Following gut feelings... Tested: 20,620,000 | Rate: 499407/s | Key: 0x6844024e10c7e76170a6db52578df5b5b0
✨ Following gut feelings... Tested: 20,630,000 | Rate: 499455/s | Key: 0x5c0a0a182045dd707ef807e0f3085662ec
✨ Following gut feelings... Tested: 20,640,000 | Rate: 499478/s | Key: 0x5ca6cde83f9e9b7ea9a04e085308e09d5c
✨ Following gut feelings... Tested: 20,650,000 | Rate: 499358/s | Key: 0x71302dae7932d74bcf7dea5fd13896974b
✨ Following gut feelings... Tested: 20,660,000 | Rate: 499344/s | Key: 0x4ffac134f9b0106aa1b4680abf4d727ed5
✨ Following gut feelings... Tested: 20,670,000 | Rate: 499344/s | Key: 0x7c3baf899e22e3584e7581fe14886e39a6
✨ Following gut feelings... Tested: 20,680,000 | Rate: 499344/s | Key: 0x53053f22c820de1f111c93f3d4e20551ce
✨ Following gut feelings... Tested: 20,690,000 | Rate: 499344/s | Key: 0x6099249ece2f4635945f5ec42131b7a1e0
✨ Following gut feelings... Tested: 20,700,000 | Rate: 499344/s | Key: 0x7ece788e306ddfb32eb6493220b50d8e0c
✨ Following gut feelings... Tested: 20,710,000 | Rate: 499384/s | Key: 0x601ca5a57cbf316f59e221ee92fc4e8450
✨ Following gut feelings... Tested: 20,720,000 | Rate: 499336/s | Key: 0x5478fd5e38a3a7cf5661b9c98edf708e79
✨ Following gut feelings... Tested: 20,730,000 | Rate: 499337/s | Key: 0x734a859803936d72a4024e5a3ec09fc38b
✨ Following gut feelings... Tested: 20,740,000 | Rate: 499376/s | Key: 0x5f37daae3857e55b867a7e2a7c586b3fa4
✨ Following gut feelings... Tested: 20,750,000 | Rate: 499377/s | Key: 0x531a5aa10059edd702f4ad758c2b8da041
✨ Following gut feelings... Tested: 20,760,000 | Rate: 499377/s | Key: 0x54832a4672deed9c41bc43d4e3927050c8
✨ Following gut feelings... Tested: 20,770,000 | Rate: 499377/s | Key: 0x45e9eaad0073329a00efeba88602c9549f
✨ Following gut feelings... Tested: 20,780,000 | Rate: 499375/s | Key: 0x50164066926a2a02da7492e205f1b83e48
✨ Following gut feelings... Tested: 20,790,000 | Rate: 499420/s | Key: 0x7ef7e99e0404555ef4f59d5fb7df63303c
✨ Following gut feelings... Tested: 20,800,000 | Rate: 499516/s | Key: 0x6d8c267741f6fbc9745c113b027b421a43
✨ Following gut feelings... Tested: 20,810,000 | Rate: 499612/s | Key: 0x5e1eecba6b39a6c8a5a695e5755a45d944
✨ Following gut feelings... Tested: 20,820,000 | Rate: 499612/s | Key: 0x74f92c05fa9630415303503eed78198283
✨ Following gut feelings... Tested: 20,830,000 | Rate: 499613/s | Key: 0x5c5333cd2d806a6bfc174bd563e87dc686
✨ Following gut feelings... Tested: 20,840,000 | Rate: 499612/s | Key: 0x5f2200d615e9ee197d3d94de6c680db893
✨ Following gut feelings... Tested: 20,850,000 | Rate: 499612/s | Key: 0x55f4b2ed29a72fb4f1f9adb871d9083da6
✨ Following gut feelings... Tested: 20,860,000 | Rate: 499516/s | Key: 0x711e5f38c71a736b4d6b917881d0001644
✨ Following gut feelings... Tested: 20,870,000 | Rate: 499468/s | Key: 0x423aec07ece8991a61d251aa1abb77d4cf
✨ Following gut feelings... Tested: 20,880,000 | Rate: 499420/s | Key: 0x475dcd9aec7a480113981984695b02caca
✨ Following gut feelings... Tested: 20,890,000 | Rate: 499373/s | Key: 0x46fcfa1d844d9db403ec8ac0a866a3aace
✨ Following gut feelings... Tested: 20,900,000 | Rate: 499325/s | Key: 0x499b69afad76b11ac0151faf8fb473ef89
✨ Following gut feelings... Tested: 20,910,000 | Rate: 499322/s | Key: 0x4668bb4cde08b551c6d1b55ad448baa9cc
✨ Following gut feelings... Tested: 20,920,000 | Rate: 499275/s | Key: 0x588ca6419d9e165db8201dad8bf9e75468
✨ Following gut feelings... Tested: 20,930,000 | Rate: 499251/s | Key: 0x7c8356e31521dbec340e9092711fe40485
✨ Following gut feelings... Tested: 20,940,000 | Rate: 499061/s | Key: 0x759131deedafe7700583fbe8ecc96e3a3e
✨ Following gut feelings... Tested: 20,950,000 | Rate: 499062/s | Key: 0x6774207086e987935702e49df5e3074da8
✨ Following gut feelings... Tested: 20,960,000 | Rate: 499052/s | Key: 0x52c354bc49e6f2c3948402b422b8a167c6
✨ Following gut feelings... Tested: 20,970,000 | Rate: 499005/s | Key: 0x563b203c7bd2e999a30729afd07761a5f1
✨ Following gut feelings... Tested: 20,980,000 | Rate: 498956/s | Key: 0x5e6c733954c97ce11a9db759877da5c977
✨ Following gut feelings... Tested: 20,990,000 | Rate: 498917/s | Key: 0x4ee16d83e27f311d394f84631cb8ae6aa4
✨ Following gut feelings... Tested: 21,000,000 | Rate: 498869/s | Key: 0x70ac8a124e103b3006205b07e8d0bfe944
✨ Following gut feelings... Tested: 21,010,000 | Rate: 498823/s | Key: 0x5f6e6e0c4c2de5e1caec89172ca777f8d2
✨ Following gut feelings... Tested: 21,020,000 | Rate: 498776/s | Key: 0x4d63debe649de6b246f904721fbc266322
✨ Following gut feelings... Tested: 21,030,000 | Rate: 498772/s | Key: 0x41861335593a58a46cd3b6a78a22bdc5af
✨ Following gut feelings... Tested: 21,040,000 | Rate: 498745/s | Key: 0x436eb696e1a85b918eeb98b55ca87ceba5
✨ Following gut feelings... Tested: 21,050,000 | Rate: 498462/s | Key: 0x4eede97a2319a4a4152c4fd8c52507ffe8
✨ Following gut feelings... Tested: 21,060,000 | Rate: 498463/s | Key: 0x741396219545d8d8cdf8f4aa43c8e8509c
✨ Following gut feelings... Tested: 21,070,000 | Rate: 498416/s | Key: 0x74eb63142a2de14511fa82545e7bbc2a25
✨ Following gut feelings... Tested: 21,080,000 | Rate: 498323/s | Key: 0x42eb373922e7f54d046a1fcdaaed0da636
✨ Following gut feelings... Tested: 21,090,000 | Rate: 498276/s | Key: 0x787a36928a2fea0669b9457135dd2d0e1c
✨ Following gut feelings... Tested: 21,100,000 | Rate: 498277/s | Key: 0x54ddeee8d586a5e963531106e05e5cf457
✨ Following gut feelings... Tested: 21,110,000 | Rate: 498230/s | Key: 0x5ceb73db9c09fe40dd56a2d75700c36b59
✨ Following gut feelings... Tested: 21,120,000 | Rate: 498183/s | Key: 0x671b0f9ba4e5dcaa170fb7b49888a4046a
✨ Following gut feelings... Tested: 21,130,000 | Rate: 498090/s | Key: 0x69f74305830eec51a7e1a887e5dc29414b
✨ Following gut feelings... Tested: 21,140,000 | Rate: 498159/s | Key: 0x7fe997579458568f26331d0877ae7b956a
✨ Following gut feelings... Tested: 21,150,000 | Rate: 498253/s | Key: 0x4d212af328eb62ca666d0bf2e57513383c
✨ Following gut feelings... Tested: 21,160,000 | Rate: 497994/s | Key: 0x7483f59edc08e016066805fef402234cfa
✨ Following gut feelings... Tested: 21,170,000 | Rate: 498067/s | Key: 0x73ed29329f3aef513e34d1f8fb5b116bd6
✨ Following gut feelings... Tested: 21,180,000 | Rate: 497996/s | Key: 0x4940f2c15c6f2daac6545f0f0ca2664178
✨ Following gut feelings... Tested: 21,190,000 | Rate: 498046/s | Key: 0x73d6d0fc6dc792db99c3fac706ce7a1cb4
✨ Following gut feelings... Tested: 21,200,000 | Rate: 497910/s | Key: 0x4707862d0cc15ac827e8c721909e4e9753
✨ Following gut feelings... Tested: 21,210,000 | Rate: 497993/s | Key: 0x6cb07155dd781db5488cdac43195679a1c
✨ Following gut feelings... Tested: 21,220,000 | Rate: 497948/s | Key: 0x46b8700863f5c90c200fb33112f5871946
✨ Following gut feelings... Tested: 21,230,000 | Rate: 497995/s | Key: 0x44e4f686d2893d22b92f1d1023e341c66e
✨ Following gut feelings... Tested: 21,240,000 | Rate: 497856/s | Key: 0x5a7a85965b31b1990d9607c2f9cde1ff97
✨ Following gut feelings... Tested: 21,250,000 | Rate: 497924/s | Key: 0x5d0c8dd632765f82a1a2a97dc9e9754b45
✨ Following gut feelings... Tested: 21,260,000 | Rate: 497801/s | Key: 0x497b32040d4c38b02b4545862bf4758bdf
✨ Following gut feelings... Tested: 21,270,000 | Rate: 497902/s | Key: 0x5a39c943b3f5e3abe66e4711d2c5a23b8f
✨ Following gut feelings... Tested: 21,280,000 | Rate: 497938/s | Key: 0x63f7fa47ee8f902ea9a43f0ad797bd0d2e
✨ Following gut feelings... Tested: 21,290,000 | Rate: 497916/s | Key: 0x555c1ea20a021b82fd0811832f9bff256c
✨ Following gut feelings... Tested: 21,300,000 | Rate: 497964/s | Key: 0x574bc569053e05fed46a8f2f6fcd7785ae
✨ Following gut feelings... Tested: 21,310,000 | Rate: 498011/s | Key: 0x5c60738be4b0076f81eeb4174a8b433d40
✨ Following gut feelings... Tested: 21,320,000 | Rate: 498034/s | Key: 0x752b9d18e3d093c794a2cf9cbbb50a3c07
✨ Following gut feelings... Tested: 21,330,000 | Rate: 498010/s | Key: 0x7150037fdf7cc8f2f93adf42ab963de20a
✨ Following gut feelings... Tested: 21,340,000 | Rate: 498165/s | Key: 0x4355633924ff0c9780fb8023d3a33e7578
✨ Following gut feelings... Tested: 21,350,000 | Rate: 498291/s | Key: 0x7bd984da65f22a62af1108054996dd0ac6
✨ Following gut feelings... Tested: 21,360,000 | Rate: 498365/s | Key: 0x42de68b136cae584fc2ce9c97548c8caf4
✨ Following gut feelings... Tested: 21,370,000 | Rate: 498407/s | Key: 0x4e9fde35a8559bfef3267d5d3c1b437615
✨ Following gut feelings... Tested: 21,380,000 | Rate: 498361/s | Key: 0x4a863792445ae784abfa18881b7c0cbdde
✨ Following gut feelings... Tested: 21,390,000 | Rate: 498361/s | Key: 0x52e7bab8b30b7662638b584d75095e0cf6
✨ Following gut feelings... Tested: 21,400,000 | Rate: 498361/s | Key: 0x6da37bc3eeb02060afa91efee9990ddee8
✨ Following gut feelings... Tested: 21,410,000 | Rate: 498361/s | Key: 0x4a66977d7851557c26d6f209af384d8ad2
✨ Following gut feelings... Tested: 21,420,000 | Rate: 498362/s | Key: 0x65dabc50266e9a8c8ff613617687f736a0
✨ Following gut feelings... Tested: 21,430,000 | Rate: 498362/s | Key: 0x4cf9b97beaef2141c4e5361701a1e6b7a9
✨ Following gut feelings... Tested: 21,440,000 | Rate: 498316/s | Key: 0x634b3df8e7cde4b98ad47e1a8895a79ab7
✨ Following gut feelings... Tested: 21,450,000 | Rate: 498409/s | Key: 0x616ac0435d2b99e527d7e7caaf3064fb03
✨ Following gut feelings... Tested: 21,460,000 | Rate: 498502/s | Key: 0x7c918a8716bbec1ab6b62bca313d8bc131
✨ Following gut feelings... Tested: 21,470,000 | Rate: 498409/s | Key: 0x49dd59329f9547f4928e61f071d87adb66
✨ Following gut feelings... Tested: 21,480,000 | Rate: 498422/s | Key: 0x67e94e5be5e984d54223a810091670b740
✨ Following gut feelings... Tested: 21,490,000 | Rate: 498329/s | Key: 0x72b97818a2c5902ec7fe58c006245d636d
✨ Following gut feelings... Tested: 21,500,000 | Rate: 498375/s | Key: 0x5bfd2d709cf8d196dafb5244cfa16cc0da
✨ Following gut feelings... Tested: 21,510,000 | Rate: 498415/s | Key: 0x4776c360458cd4f2072851b014bee6dcc3
✨ Following gut feelings... Tested: 21,520,000 | Rate: 498369/s | Key: 0x74a8aba79b45d67453620d19c34ac9a71c
✨ Following gut feelings... Tested: 21,530,000 | Rate: 498323/s | Key: 0x5962daebdc9e2c77899fa9f8356dd2bdfb
✨ Following gut feelings... Tested: 21,540,000 | Rate: 498287/s | Key: 0x5c2a8e4058af546d618bbb30eec73c8d24
✨ Following gut feelings... Tested: 21,550,000 | Rate: 498241/s | Key: 0x764c435aa88c13f7f7acaf65c79c108a0b
✨ Following gut feelings... Tested: 21,560,000 | Rate: 498242/s | Key: 0x7491a5765f82184187ab483f814a1179fd
✨ Following gut feelings... Tested: 21,570,000 | Rate: 498173/s | Key: 0x41d45490ed7fc274c7cb6cc95c4b0910c6
✨ Following gut feelings... Tested: 21,580,000 | Rate: 498220/s | Key: 0x77e9ac25883f30972956991087452039ce
✨ Following gut feelings... Tested: 21,590,000 | Rate: 498175/s | Key: 0x613e6d2c99ca79f673ed274205280c3ba4
✨ Following gut feelings... Tested: 21,600,000 | Rate: 498268/s | Key: 0x6fa99cfd803c1d1ea8bef65022071c267e
✨ Following gut feelings... Tested: 21,610,000 | Rate: 498176/s | Key: 0x4563deaa04d069c3a99dda1f0f19cf12b1
✨ Following gut feelings... Tested: 21,620,000 | Rate: 498177/s | Key: 0x643b10b87c6416de6c9c49d3276f1e28b7
✨ Following gut feelings... Tested: 21,630,000 | Rate: 498178/s | Key: 0x7187e29234a485845b841d257d56d29953
✨ Following gut feelings... Tested: 21,640,000 | Rate: 498259/s | Key: 0x66bb8ba9cc4d5bd70096bc6e0e1ed45ea7
✨ Following gut feelings... Tested: 21,650,000 | Rate: 498076/s | Key: 0x5751125de2577bd85db60d4c38d4c3b16b
✨ Following gut feelings... Tested: 21,660,000 | Rate: 497985/s | Key: 0x5abc82148fbbcc5a11ebec3fa7f14d0362
✨ Following gut feelings... Tested: 21,670,000 | Rate: 497940/s | Key: 0x76c14546a8579707aeeeeb15ef1b0a2def
✨ Following gut feelings... Tested: 21,680,000 | Rate: 497901/s | Key: 0x48080258a314678f46e06927bd35edf9fa
✨ Following gut feelings... Tested: 21,690,000 | Rate: 497856/s | Key: 0x60620b9496812194debe5fb038959e607c
✨ Following gut feelings... Tested: 21,700,000 | Rate: 497855/s | Key: 0x6cc913da34de90270bb0a838489e0adfab
✨ Following gut feelings... Tested: 21,710,000 | Rate: 497857/s | Key: 0x778028f9ca7e870b79f632adfda81c9f0e
✨ Following gut feelings... Tested: 21,720,000 | Rate: 497857/s | Key: 0x54471f7da61db1215d5259d0d7d329454b
✨ Following gut feelings... Tested: 21,730,000 | Rate: 497858/s | Key: 0x77dece7ac81edda61af9f400d565d6072d
✨ Following gut feelings... Tested: 21,740,000 | Rate: 497865/s | Key: 0x5ee85cce0fa7bbb78e4b51cb026636a460
✨ Following gut feelings... Tested: 21,750,000 | Rate: 497866/s | Key: 0x5c663e67c056f10f4e6df4b955575e0192
✨ Following gut feelings... Tested: 21,760,000 | Rate: 497866/s | Key: 0x5bf59809ac045345b0252edf7ba5ae35ca
✨ Following gut feelings... Tested: 21,770,000 | Rate: 497868/s | Key: 0x54529d85c3dc801aa63d7db901a5e2c35e
✨ Following gut feelings... Tested: 21,780,000 | Rate: 497869/s | Key: 0x58a40fd153da7baf8154a2dc19c291a639
✨ Following gut feelings... Tested: 21,790,000 | Rate: 497960/s | Key: 0x6cd5c9933833577ad5e27a376139322af9
✨ Following gut feelings... Tested: 21,800,000 | Rate: 497929/s | Key: 0x4c7317718377883bfa1e3c493967527a2f
✨ Following gut feelings... Tested: 21,810,000 | Rate: 497793/s | Key: 0x5c7b5603c137d99422d03961ec58ebb3f4
✨ Following gut feelings... Tested: 21,820,000 | Rate: 497794/s | Key: 0x57767ecfaff6fdd5fca1117878e1871c91
✨ Following gut feelings... Tested: 21,830,000 | Rate: 497750/s | Key: 0x57e100813785db6b2410aa8a2bd8979585
✨ Following gut feelings... Tested: 21,840,000 | Rate: 497750/s | Key: 0x75a23b6659f8939881c3115007b0fd36e9
✨ Following gut feelings... Tested: 21,850,000 | Rate: 497660/s | Key: 0x5d34e63e4571ee437e9bf0c5eda9c05ae5
✨ Following gut feelings... Tested: 21,860,000 | Rate: 497524/s | Key: 0x5b9b9d284c47a967e20015a97ec2587991
✨ Following gut feelings... Tested: 21,870,000 | Rate: 497480/s | Key: 0x4fcf9136c8b01b73173b2ad313c80190b2
✨ Following gut feelings... Tested: 21,880,000 | Rate: 497480/s | Key: 0x4940190ae849fe69c5aacfc9db5c2da512
✨ Following gut feelings... Tested: 21,890,000 | Rate: 497436/s | Key: 0x4530fd4c19f05ea42c6615e3da88bfafba
✨ Following gut feelings... Tested: 21,900,000 | Rate: 497437/s | Key: 0x7bc19af11a27906ceb3575ee14dc25771d
✨ Following gut feelings... Tested: 21,910,000 | Rate: 497438/s | Key: 0x5c06e86612517bafc3ead88c5668b17969
✨ Following gut feelings... Tested: 21,920,000 | Rate: 497439/s | Key: 0x573690a0088a700134213025b169ee01eb
✨ Following gut feelings... Tested: 21,930,000 | Rate: 497440/s | Key: 0x5c9a1662582c892bc026de8c64b7b14e7a
✨ Following gut feelings... Tested: 21,940,000 | Rate: 497441/s | Key: 0x7cc867c13287374ec0aafab1275c2c4f6e
✨ Following gut feelings... Tested: 21,950,000 | Rate: 497444/s | Key: 0x5f2fbabc304a906e914542be00c9b3077f
✨ Following gut feelings... Tested: 21,960,000 | Rate: 497445/s | Key: 0x531186283767852237701b8b6e8f367531
✨ Following gut feelings... Tested: 21,970,000 | Rate: 497446/s | Key: 0x7dd043e2aeabb1d6f8470ef30ae61396a7
✨ Following gut feelings... Tested: 21,980,000 | Rate: 497537/s | Key: 0x526b45935de29f79b9ea8de394f0cec95d
✨ Following gut feelings... Tested: 21,990,000 | Rate: 497493/s | Key: 0x7ff670013dc5ac7524b18407339103f57c
✨ Following gut feelings... Tested: 22,000,000 | Rate: 497494/s | Key: 0x621110cd180b459f43cc05e0be4ad5e453
✨ Following gut feelings... Tested: 22,010,000 | Rate: 497495/s | Key: 0x49bf1f83513504b5bbd423ae5d4324e3fc
✨ Following gut feelings... Tested: 22,020,000 | Rate: 497496/s | Key: 0x7aba51cb5edb40b589eee6311905778035
✨ Following gut feelings... Tested: 22,030,000 | Rate: 497497/s | Key: 0x42caa2f1f9c444d122220c5f6cc3379b26
✨ Following gut feelings... Tested: 22,040,000 | Rate: 497532/s | Key: 0x6631b1d6d0da28b4a75102c374cd484273
✨ Following gut feelings... Tested: 22,050,000 | Rate: 497507/s | Key: 0x686698eb5174749b2bdbe388eba11c225d
✨ Following gut feelings... Tested: 22,060,000 | Rate: 497688/s | Key: 0x4538766ff81b0eaa6605fd182a8286e6b4
✨ Following gut feelings... Tested: 22,070,000 | Rate: 497509/s | Key: 0x48301194b06c4b5507d372c107602a7e1c
✨ Following gut feelings... Tested: 22,080,000 | Rate: 497510/s | Key: 0x6f013d7f10a72a5dba4cf656fe3decf921
✨ Following gut feelings... Tested: 22,090,000 | Rate: 497280/s | Key: 0x47f990034c681a45031f9e7e7347775077
✨ Following gut feelings... Tested: 22,100,000 | Rate: 497304/s | Key: 0x5b3b18502cb2b46a32bb07e23d5d091174
✨ Following gut feelings... Tested: 22,110,000 | Rate: 497395/s | Key: 0x535fa142277ecac2d2873b2ab2a91e0040
✨ Following gut feelings... Tested: 22,120,000 | Rate: 497440/s | Key: 0x5b4be4dfbde3cdf16f51c8cfa4bf3649f9
✨ Following gut feelings... Tested: 22,130,000 | Rate: 497441/s | Key: 0x567b31cf48c5b2950e95e69505518b721a
✨ Following gut feelings... Tested: 22,140,000 | Rate: 497486/s | Key: 0x57fa5663a6722bccdb17a5ff4a073f6006
✨ Following gut feelings... Tested: 22,150,000 | Rate: 497290/s | Key: 0x689ebcb2b551f75280e61e85b11973dfac
✨ Following gut feelings... Tested: 22,160,000 | Rate: 497291/s | Key: 0x76453e692650ec40ff2e51fe1b0ec21acc
✨ Following gut feelings... Tested: 22,170,000 | Rate: 497292/s | Key: 0x4bc0f5695fe13b6e262a3d9e8c87f2fbc1
✨ Following gut feelings... Tested: 22,180,000 | Rate: 497249/s | Key: 0x69102b923ed0315c30b74773b02a19e91b
✨ Following gut feelings... Tested: 22,190,000 | Rate: 497338/s | Key: 0x600cfc730fcec609af8e061bcfeb21a782
✨ Following gut feelings... Tested: 22,200,000 | Rate: 497309/s | Key: 0x4493aba5d50e70fd1dca05ab648afb7d5e
✨ Following gut feelings... Tested: 22,210,000 | Rate: 497489/s | Key: 0x50a1ec13efb188c6b92e628a3b1d1af5bc
✨ Following gut feelings... Tested: 22,220,000 | Rate: 497445/s | Key: 0x7ce4f0e81dbac47efa63c0f8486ea35746
✨ Following gut feelings... Tested: 22,230,000 | Rate: 497446/s | Key: 0x65c85379bfb942a98ac08f6302b0375e5d
✨ Following gut feelings... Tested: 22,240,000 | Rate: 497465/s | Key: 0x52af8d9c3c76d2f332241021b324b10a35
✨ Following gut feelings... Tested: 22,250,000 | Rate: 497242/s | Key: 0x470a08834437facd9e179edc5884b161dc
✨ Following gut feelings... Tested: 22,260,000 | Rate: 497154/s | Key: 0x624b02085c0fd2b7813744d699dcee782f
✨ Following gut feelings... Tested: 22,270,000 | Rate: 497065/s | Key: 0x5d44f5a31a29040a3f5033e56c998da2b8
✨ Following gut feelings... Tested: 22,280,000 | Rate: 496977/s | Key: 0x71bfba2f4981b72076f30c40062983f656
✨ Following gut feelings... Tested: 22,290,000 | Rate: 496979/s | Key: 0x4ada04802277ee95bd4cc3914ed8eb37be
✨ Following gut feelings... Tested: 22,300,000 | Rate: 496980/s | Key: 0x608c3668179b7aaf2170a914abf08c7a3f
✨ Following gut feelings... Tested: 22,310,000 | Rate: 497026/s | Key: 0x43ad1df9e2470ca4adf2ae03d65d6fccdb
✨ Following gut feelings... Tested: 22,320,000 | Rate: 497071/s | Key: 0x7d933246d215b76ee8ba2ddd18ccb3822e
✨ Following gut feelings... Tested: 22,330,000 | Rate: 497116/s | Key: 0x44d3587e42332498b4c1118727116205be
✨ Following gut feelings... Tested: 22,340,000 | Rate: 497174/s | Key: 0x51e41d21552513dd09bfa98eb05b726be6
✨ Following gut feelings... Tested: 22,350,000 | Rate: 497175/s | Key: 0x7d2ebe68682032360e3d52f2d0984576f9
✨ Following gut feelings... Tested: 22,360,000 | Rate: 497220/s | Key: 0x7bfcdc8eac9c6a4d94a19e32e270e2b1cd
✨ Following gut feelings... Tested: 22,370,000 | Rate: 497265/s | Key: 0x4a3696c85087a5a6c9422bcd80945404f8
✨ Following gut feelings... Tested: 22,380,000 | Rate: 497311/s | Key: 0x7da4bf839635e78a5e23c70bb8548d35c5
✨ Following gut feelings... Tested: 22,390,000 | Rate: 497377/s | Key: 0x5b27a3ab8bc59a27af294cda016bfca04e
✨ Following gut feelings... Tested: 22,400,000 | Rate: 497554/s | Key: 0x6ebb74f7f9378d2692ee6bdfb67b0e69dc
✨ Following gut feelings... Tested: 22,410,000 | Rate: 497508/s | Key: 0x645320063110dcaa3d09ea651ea2487b3a
✨ Following gut feelings... Tested: 22,420,000 | Rate: 497465/s | Key: 0x7defc171dce9337ea1a910a2bd3b0632c5
✨ Following gut feelings... Tested: 22,430,000 | Rate: 497422/s | Key: 0x7d2d4c988e896c43e5ce22f3c29e91feee
✨ Following gut feelings... Tested: 22,440,000 | Rate: 497475/s | Key: 0x4558500217487e4956f15b01d65d7329e8
✨ Following gut feelings... Tested: 22,450,000 | Rate: 497520/s | Key: 0x6e96ca9421a0e8bf7fa842f10625f36b5e
✨ Following gut feelings... Tested: 22,460,000 | Rate: 497514/s | Key: 0x4a05a9ca7b8e782d40d9ce9af04004ebcc
✨ Following gut feelings... Tested: 22,470,000 | Rate: 497330/s | Key: 0x63fc2f06451f24549dcd4e1c4d896ee03c
✨ Following gut feelings... Tested: 22,480,000 | Rate: 497419/s | Key: 0x614414b67f8373f2927871a62b49b90840
✨ Following gut feelings... Tested: 22,490,000 | Rate: 497371/s | Key: 0x6ad5df73d948d39f525db5fbb7f61d8d1c
✨ Following gut feelings... Tested: 22,500,000 | Rate: 497284/s | Key: 0x47a114ec579b533cb9d2a410c48142114e
✨ Following gut feelings... Tested: 22,510,000 | Rate: 497273/s | Key: 0x47715401e8b33726af9f97b3c3dcc09007
✨ Following gut feelings... Tested: 22,520,000 | Rate: 497271/s | Key: 0x5efb678698f3b2dbcf81623a5a4756b272
✨ Following gut feelings... Tested: 22,530,000 | Rate: 497360/s | Key: 0x51284bcff7cd626ca27dc242835b1cc192
✨ Following gut feelings... Tested: 22,540,000 | Rate: 497312/s | Key: 0x5b631794f4482808a9de32c754958d7b35
✨ Following gut feelings... Tested: 22,550,000 | Rate: 497416/s | Key: 0x413670351deaddc4ee79a07e61ef8ed002
✨ Following gut feelings... Tested: 22,560,000 | Rate: 497434/s | Key: 0x5c5b041e6485e4fb13a39c4e0d405df582
✨ Following gut feelings... Tested: 22,570,000 | Rate: 497437/s | Key: 0x72c49c4817a5021c3d0f32f442ba3b102b
✨ Following gut feelings... Tested: 22,580,000 | Rate: 497384/s | Key: 0x6b853de7f9b17ea8862854fa1017646244
✨ Following gut feelings... Tested: 22,590,000 | Rate: 497492/s | Key: 0x6b0b767a260606a609acf77f6ed9829952
✨ Following gut feelings... Tested: 22,600,000 | Rate: 497473/s | Key: 0x73402ad51d7b58ea62905a99223669d20a
✨ Following gut feelings... Tested: 22,610,000 | Rate: 497526/s | Key: 0x7d230314ef9738e067bb379af8edb52405
✨ Following gut feelings... Tested: 22,620,000 | Rate: 497702/s | Key: 0x40ef6ff778b3a94c5a11f8529536d8560f
✨ Following gut feelings... Tested: 22,630,000 | Rate: 497516/s | Key: 0x5721b2878a6f78c4fe3d0d5f22b325e9d8
✨ Following gut feelings... Tested: 22,640,000 | Rate: 497510/s | Key: 0x678353b0a44b82a0ae7ace598498498155
✨ Following gut feelings... Tested: 22,650,000 | Rate: 497555/s | Key: 0x622727d4ba8cf22e11eedcb35df1f47e61
✨ Following gut feelings... Tested: 22,660,000 | Rate: 497675/s | Key: 0x620fa6b6e59ea4889a6a72904f18156b7f
✨ Following gut feelings... Tested: 22,670,000 | Rate: 497693/s | Key: 0x78f361b40ba50e4d06e8311ac9ac8121a5
✨ Following gut feelings... Tested: 22,680,000 | Rate: 497583/s | Key: 0x730569176cfca41b92ca8d5349a110684b
✨ Following gut feelings... Tested: 22,690,000 | Rate: 497759/s | Key: 0x51a4db0c0493712bd0bc7b5e211d1fbe38
✨ Following gut feelings... Tested: 22,700,000 | Rate: 497760/s | Key: 0x64bca35b6a2640ce6fc5727154322ff1a9
✨ Following gut feelings... Tested: 22,710,000 | Rate: 497639/s | Key: 0x7074e12b1202d205ff78af620036516ea8
✨ Following gut feelings... Tested: 22,720,000 | Rate: 497605/s | Key: 0x510b6666cd5f3bae83919ece22cad4b8ef
✨ Following gut feelings... Tested: 22,730,000 | Rate: 497628/s | Key: 0x57cc9d9f9ba5b05751f4b6216652ad1844
✨ Following gut feelings... Tested: 22,740,000 | Rate: 497314/s | Key: 0x4c2ecbbe8edf70debbbbb4fa4c31a6b50a
✨ Following gut feelings... Tested: 22,750,000 | Rate: 497402/s | Key: 0x4e1fc3b5485d0050bc0891abdfefc425aa
✨ Following gut feelings... Tested: 22,760,000 | Rate: 497316/s | Key: 0x5e48956357a4bc6bf27cbc984573766207
✨ Following gut feelings... Tested: 22,770,000 | Rate: 497360/s | Key: 0x53a9471d161c335b0b8c39e9131cab821e
✨ Following gut feelings... Tested: 22,780,000 | Rate: 497430/s | Key: 0x4675db4ed6eadbeb4da893dea76424aa3d
✨ Following gut feelings... Tested: 22,790,000 | Rate: 497364/s | Key: 0x5bb321845db65f6a967ee363edfa05fc56
✨ Following gut feelings... Tested: 22,800,000 | Rate: 497452/s | Key: 0x6d39c9392075efdb4606b156d163273ec7
✨ Following gut feelings... Tested: 22,810,000 | Rate: 497514/s | Key: 0x43c6ead2d81987717f3193de745d6d79bc
✨ Following gut feelings... Tested: 22,820,000 | Rate: 497438/s | Key: 0x509af61a03eb268d8409f7e8ddf425cf6d
✨ Following gut feelings... Tested: 22,830,000 | Rate: 497438/s | Key: 0x5236447b48613d8db02651bbea9736c67f
✨ Following gut feelings... Tested: 22,840,000 | Rate: 497502/s | Key: 0x791686abecd074ff10eb757fa23d74b54b
✨ Following gut feelings... Tested: 22,850,000 | Rate: 497459/s | Key: 0x75526e8e3cfaf1725a7464255d72a00797
✨ Following gut feelings... Tested: 22,860,000 | Rate: 497520/s | Key: 0x5f6c973eebc3b6f5a400de815c2b684941
✨ Following gut feelings... Tested: 22,870,000 | Rate: 497532/s | Key: 0x69015eb4ecde5f63bdaaf2fdfafa2c25f7
✨ Following gut feelings... Tested: 22,880,000 | Rate: 497393/s | Key: 0x7e680efc036f24a64bbf6770073ef78884
✨ Following gut feelings... Tested: 22,890,000 | Rate: 497567/s | Key: 0x6a699bdbcf28a875ed5a88556c034d3ee9
✨ Following gut feelings... Tested: 22,900,000 | Rate: 497602/s | Key: 0x458faea4b7a69ab738b84ee9035e750fdf
✨ Following gut feelings... Tested: 22,910,000 | Rate: 497532/s | Key: 0x6bdc1196f5e5b123da75145e512a553726
✨ Following gut feelings... Tested: 22,920,000 | Rate: 497653/s | Key: 0x71d2e7c74696ff426b5503ba6b011a93b2
✨ Following gut feelings... Tested: 22,930,000 | Rate: 497653/s | Key: 0x6b175477bc7e3a79169cf3f382ee67a63a
✨ Following gut feelings... Tested: 22,940,000 | Rate: 497696/s | Key: 0x6d58f8bdbc87d4fea940bed289ba8733a5
✨ Following gut feelings... Tested: 22,950,000 | Rate: 497783/s | Key: 0x5e01312eb148a18c38ddcc25ce24afa137
✨ Following gut feelings... Tested: 22,960,000 | Rate: 497742/s | Key: 0x5e6caf7259b52e85fe7dd820124d1e40c5
✨ Following gut feelings... Tested: 22,970,000 | Rate: 497756/s | Key: 0x5a4f690edc1648c2fe7dc6561564798974
✨ Following gut feelings... Tested: 22,980,000 | Rate: 497661/s | Key: 0x4b8ea5764aa8e2f784deb33f2296869b6b
✨ Following gut feelings... Tested: 22,990,000 | Rate: 497575/s | Key: 0x4f331262ae7cb3da2fa4c838f4103ea895
✨ Following gut feelings... Tested: 23,000,000 | Rate: 497646/s | Key: 0x7d93fc48048ec067f4db4dac7802060567
✨ Following gut feelings... Tested: 23,010,000 | Rate: 497710/s | Key: 0x47df5ecc846184b7532b6a9a838205af31
✨ Following gut feelings... Tested: 23,020,000 | Rate: 497676/s | Key: 0x44bc8eae3b6e607d8c6ea6118a41aeb0ab
✨ Following gut feelings... Tested: 23,030,000 | Rate: 497548/s | Key: 0x68c68c426d131733ff797cac87972708bd
✨ Following gut feelings... Tested: 23,040,000 | Rate: 497619/s | Key: 0x72669b35f61a140f6e2f8d521f1c8bf993
✨ Following gut feelings... Tested: 23,050,000 | Rate: 497437/s | Key: 0x677002c24fa9306ebce032bd6310a8e516
✨ Following gut feelings... Tested: 23,060,000 | Rate: 497395/s | Key: 0x6b65c1afa72b0e27bb9807b0b01b36c560
✨ Following gut feelings... Tested: 23,070,000 | Rate: 497513/s | Key: 0x60b9875fefc8e7751d9012e0e60fbf290d
✨ Following gut feelings... Tested: 23,080,000 | Rate: 497406/s | Key: 0x7df7da871ea176d093b081dfcd22d65092
✨ Following gut feelings... Tested: 23,090,000 | Rate: 497398/s | Key: 0x59b33a42b4593334c7810777420a5ed2e4
✨ Following gut feelings... Tested: 23,100,000 | Rate: 497352/s | Key: 0x6b69e4d0e6bf60d8d95247d6f52ff774a0
✨ Following gut feelings... Tested: 23,110,000 | Rate: 497410/s | Key: 0x5680857770391a323915d1dd3ef30f4c80
✨ Following gut feelings... Tested: 23,120,000 | Rate: 497583/s | Key: 0x54909ac03fb8a20df4fd4dfee6448b26cf
✨ Following gut feelings... Tested: 23,130,000 | Rate: 497535/s | Key: 0x687f754ec7681d73571971364756f497eb
✨ Following gut feelings... Tested: 23,140,000 | Rate: 497480/s | Key: 0x5a5d2d2ce213a2af7857c33fa4d62adad6
✨ Following gut feelings... Tested: 23,150,000 | Rate: 497545/s | Key: 0x5ae0db8009340ef868b38dde4b50ab2c17
✨ Following gut feelings... Tested: 23,160,000 | Rate: 497526/s | Key: 0x5ba72044de0b15d395f0ecebc013c5922c
✨ Following gut feelings... Tested: 23,170,000 | Rate: 497508/s | Key: 0x49b416a6249b357c10f643664a14023776
✨ Following gut feelings... Tested: 23,180,000 | Rate: 497519/s | Key: 0x5143a95e4170fdce91ff74b5e230ec8591
✨ Following gut feelings... Tested: 23,190,000 | Rate: 497605/s | Key: 0x4842b1dbaeebc95726bce53b1e93f5629b
✨ Following gut feelings... Tested: 23,200,000 | Rate: 497511/s | Key: 0x598052c9179f3e55b27871d59d6ad5679a
✨ Following gut feelings... Tested: 23,210,000 | Rate: 497240/s | Key: 0x6ed1d299064df0f8c435959aac8e6ae469
✨ Following gut feelings... Tested: 23,220,000 | Rate: 497283/s | Key: 0x6dd81939f81997a77b351d88522b8850be
✨ Following gut feelings... Tested: 23,230,000 | Rate: 497284/s | Key: 0x66b5f353fd102f50723e9d4e275c805b82
✨ Following gut feelings... Tested: 23,240,000 | Rate: 497285/s | Key: 0x40502ec59062ec0359d9e104e458f577dc
✨ Following gut feelings... Tested: 23,250,000 | Rate: 497286/s | Key: 0x4a82fbc88c62ae3abefedf662491a4adda
✨ Following gut feelings... Tested: 23,260,000 | Rate: 497317/s | Key: 0x7b802092136f8390540f0b10993617692f
✨ Following gut feelings... Tested: 23,270,000 | Rate: 497361/s | Key: 0x6af00bba8265e4cc125dc9a26c1ddd0773
✨ Following gut feelings... Tested: 23,280,000 | Rate: 497405/s | Key: 0x77f4bdceb200eec232ef19ed6bab14fe2a
✨ Following gut feelings... Tested: 23,290,000 | Rate: 497522/s | Key: 0x685f566067138ef3cb2941fcfc09e1a2cd
✨ Following gut feelings... Tested: 23,300,000 | Rate: 497582/s | Key: 0x6354faee6b36b9740e06643c2d434c8b27
✨ Following gut feelings... Tested: 23,310,000 | Rate: 497474/s | Key: 0x59d3e97f763045c2287a80350aa90ebb67
✨ Following gut feelings... Tested: 23,320,000 | Rate: 497644/s | Key: 0x59cd8beaee22373dc94c7e71c7ab25e15d
✨ Following gut feelings... Tested: 23,330,000 | Rate: 497688/s | Key: 0x707883e3248715083bbcd4a64da5a2d347
✨ Following gut feelings... Tested: 23,340,000 | Rate: 497666/s | Key: 0x48522ac2532ad071b8bc9e44fbe95c5778
✨ Following gut feelings... Tested: 23,350,000 | Rate: 497667/s | Key: 0x5c6ece544c71fce9daa221879f16f9012f
✨ Following gut feelings... Tested: 23,360,000 | Rate: 497668/s | Key: 0x6fe922d7813c240c253d99dacdfdea0273
✨ Following gut feelings... Tested: 23,370,000 | Rate: 497711/s | Key: 0x74ceeb0184a06a8fbc4dd2e6bda9538696
✨ Following gut feelings... Tested: 23,380,000 | Rate: 497711/s | Key: 0x4edeea4bd736dbdfb7fc9a6161f47b856e
✨ Following gut feelings... Tested: 23,390,000 | Rate: 497744/s | Key: 0x507d22ca982ed5a34c40ac9b3abbb7b735
✨ Following gut feelings... Tested: 23,400,000 | Rate: 497835/s | Key: 0x6e0fc0411b870c03fa9b9d74a62ca467b6
✨ Following gut feelings... Tested: 23,410,000 | Rate: 497780/s | Key: 0x7ed6068ac246061cdab77bd498378c62bf
✨ Following gut feelings... Tested: 23,420,000 | Rate: 497865/s | Key: 0x73a9135984fc21bdc6fb9212808d214e1b
✨ Following gut feelings... Tested: 23,430,000 | Rate: 497865/s | Key: 0x575fec497d55a9738be764f6a5306a07ec
✨ Following gut feelings... Tested: 23,440,000 | Rate: 497859/s | Key: 0x5a2b6c2cd696903703bef3216f52ce1722
✨ Following gut feelings... Tested: 23,450,000 | Rate: 497795/s | Key: 0x4533ca73aba619c58ecf8768cb1c3ec839
✨ Following gut feelings... Tested: 23,460,000 | Rate: 497965/s | Key: 0x4f720895b2535be1bce77a0ccb315f15bb
✨ Following gut feelings... Tested: 23,470,000 | Rate: 497957/s | Key: 0x567ed91a685064070f716000a5bc326ce1
✨ Following gut feelings... Tested: 23,480,000 | Rate: 498021/s | Key: 0x4f3bb8f5da0797466af5b6e3f53f460e9c
✨ Following gut feelings... Tested: 23,490,000 | Rate: 497972/s | Key: 0x73713309fd95451413bb9ad8772561fdc4
✨ Following gut feelings... Tested: 23,500,000 | Rate: 497930/s | Key: 0x53c0a39fea46092de9f0a0b87300b6607f
✨ Following gut feelings... Tested: 23,510,000 | Rate: 497879/s | Key: 0x5fc37ea6bf6e1467e80ec91a78c51f2962
✨ Following gut feelings... Tested: 23,520,000 | Rate: 497921/s | Key: 0x49f92b31b9c2ef595c162aa79a70c9b1dd
✨ Following gut feelings... Tested: 23,530,000 | Rate: 497983/s | Key: 0x65e82cb587ae298f6bcda74c159863b04c
✨ Following gut feelings... Tested: 23,540,000 | Rate: 497975/s | Key: 0x5e2db8907cdc7a574a5d1c794c1d0863b9
✨ Following gut feelings... Tested: 23,550,000 | Rate: 497787/s | Key: 0x5952f76d77196743448b9d62b2213aa75f
✨ Following gut feelings... Tested: 23,560,000 | Rate: 497913/s | Key: 0x5f50f04aece21591c08eb1f4e5321d0f58
✨ Following gut feelings... Tested: 23,570,000 | Rate: 497979/s | Key: 0x4623ae3f5783d98dcec3eaea727b7792e5
✨ Following gut feelings... Tested: 23,580,000 | Rate: 497952/s | Key: 0x5ed3f20f60cab53d27f885b3515e7259a4
✨ Following gut feelings... Tested: 23,590,000 | Rate: 497822/s | Key: 0x449d4f0d6f466a8430e29e7b4c71535dc5
✨ Following gut feelings... Tested: 23,600,000 | Rate: 497865/s | Key: 0x77993aa8299fc5db72d55772989c800436
✨ Following gut feelings... Tested: 23,610,000 | Rate: 497896/s | Key: 0x5c7e28f13647a52287e207d18d1db3d679
✨ Following gut feelings... Tested: 23,620,000 | Rate: 497939/s | Key: 0x4faca3142d0ca905fc0859a75e17024888
✨ Following gut feelings... Tested: 23,630,000 | Rate: 497939/s | Key: 0x54e2332c76725492b82a05bdff7d628d37
✨ Following gut feelings... Tested: 23,640,000 | Rate: 497898/s | Key: 0x5195eab790125543e276da3bc0c3b7bf27
✨ Following gut feelings... Tested: 23,650,000 | Rate: 497899/s | Key: 0x6a448189646c226f5bb14f42f44a44fbfb
✨ Following gut feelings... Tested: 23,660,000 | Rate: 497857/s | Key: 0x71ba6932978bceb5909387d3df80217f4f
✨ Following gut feelings... Tested: 23,670,000 | Rate: 497972/s | Key: 0x6af9ae04d5839ce53863898336c0e2d4fd
✨ Following gut feelings... Tested: 23,680,000 | Rate: 497931/s | Key: 0x74c6727c17bdd05040e77533e1e2029b89
✨ Following gut feelings... Tested: 23,690,000 | Rate: 497744/s | Key: 0x6ffa52ddcd905fca82e3dd839280641d61
✨ Following gut feelings... Tested: 23,700,000 | Rate: 497703/s | Key: 0x74dc075b73b34cc0701b97555030664531
✨ Following gut feelings... Tested: 23,710,000 | Rate: 497772/s | Key: 0x5e25273c274d126b79b50a28ba0bdfc0a0
✨ Following gut feelings... Tested: 23,720,000 | Rate: 497696/s | Key: 0x57328d240014c902411e7faa75489b98e8
✨ Following gut feelings... Tested: 23,730,000 | Rate: 497863/s | Key: 0x5fb23638dc4d178e52f924dd986a100363
✨ Following gut feelings... Tested: 23,740,000 | Rate: 497864/s | Key: 0x538792d1cc941a4e133058d988fa387960
✨ Following gut feelings... Tested: 23,750,000 | Rate: 497831/s | Key: 0x7329881dbd8217279e30ea1ecbc316833d
✨ Following gut feelings... Tested: 23,760,000 | Rate: 497870/s | Key: 0x48b204510c728933daf18bc1185dc9025d
✨ Following gut feelings... Tested: 23,770,000 | Rate: 497739/s | Key: 0x4137e12c48cd3ff60b6a10a6db8229abb6
✨ Following gut feelings... Tested: 23,780,000 | Rate: 497748/s | Key: 0x6c913e9914c82c7a99760d669624532e76
✨ Following gut feelings... Tested: 23,790,000 | Rate: 497755/s | Key: 0x76efc90a72e7e9c336c2097e32101d10c5
✨ Following gut feelings... Tested: 23,800,000 | Rate: 497822/s | Key: 0x584a96568a8ea61a0551664d9b94aa74b6
✨ Following gut feelings... Tested: 23,810,000 | Rate: 497823/s | Key: 0x5f29ae491a27facfb27f515a31d3d9114a
✨ Following gut feelings... Tested: 23,820,000 | Rate: 497823/s | Key: 0x50ae1d5837386016dfd4affd59b63b7c14
✨ Following gut feelings... Tested: 23,830,000 | Rate: 497926/s | Key: 0x439027b1a07a4f8d30f09f315b5ab9ffd9
✨ Following gut feelings... Tested: 23,840,000 | Rate: 497876/s | Key: 0x56d3739395feb41faf9960f1a6caf1dff6
✨ Following gut feelings... Tested: 23,850,000 | Rate: 497877/s | Key: 0x4674d3858c994194830cb4d976671add47
✨ Following gut feelings... Tested: 23,860,000 | Rate: 498044/s | Key: 0x56b070ab1e1a9fc898a015c8ef93c20a47
✨ Following gut feelings... Tested: 23,870,000 | Rate: 497775/s | Key: 0x613d3ea1ae57d68f1a54807c4d7a453615
✨ Following gut feelings... Tested: 23,880,000 | Rate: 497693/s | Key: 0x48926b11dd9624b7912230329b464a0894
✨ Following gut feelings... Tested: 23,890,000 | Rate: 497632/s | Key: 0x7a3a78b4d2a978be80b51a3b7632b9486b
✨ Following gut feelings... Tested: 23,900,000 | Rate: 497666/s | Key: 0x7db5a66759f4c2248e6c43a16a9a9774d0
✨ Following gut feelings... Tested: 23,910,000 | Rate: 497625/s | Key: 0x53fd7c250b4dd60e572266f50638e70d38
✨ Following gut feelings... Tested: 23,920,000 | Rate: 497492/s | Key: 0x4fc761c8a49449200d7bbfb188f2b23148
✨ Following gut feelings... Tested: 23,930,000 | Rate: 497442/s | Key: 0x63cd9d46dac975a8ee4e2feaf081b5b05c
✨ Following gut feelings... Tested: 23,940,000 | Rate: 497549/s | Key: 0x53423d8818b065a4f4dc499a176526acde
✨ Following gut feelings... Tested: 23,950,000 | Rate: 497578/s | Key: 0x67cb12d57a7b765b02c27ee43fd3e0a6c7
✨ Following gut feelings... Tested: 23,960,000 | Rate: 497448/s | Key: 0x41a80dcd0d278dbe80c00aecfcbf02eb87
✨ Following gut feelings... Tested: 23,970,000 | Rate: 497614/s | Key: 0x7724b45bb743203954cc438e8d9eb08aea
✨ Following gut feelings... Tested: 23,980,000 | Rate: 497636/s | Key: 0x5756286207a1504429fd3ccc140ac124d6
✨ Following gut feelings... Tested: 23,990,000 | Rate: 497678/s | Key: 0x40811ebd4662daf3902e8e9a89631ac575
✨ Following gut feelings... Tested: 24,000,000 | Rate: 497678/s | Key: 0x59cc71080f13d550bc9db1df51918fe461
✨ Following gut feelings... Tested: 24,010,000 | Rate: 497666/s | Key: 0x78b5b818cd823b5a8414b51486fe558c52
✨ Following gut feelings... Tested: 24,020,000 | Rate: 497755/s | Key: 0x473097000283da729a69ae86c6f981f875
✨ Following gut feelings... Tested: 24,030,000 | Rate: 497774/s | Key: 0x62a0b417c576c20f30f029c6592e91493f
✨ Following gut feelings... Tested: 24,040,000 | Rate: 497774/s | Key: 0x631c454a52df97d3d24fbcb8512b9bc88a
✨ Following gut feelings... Tested: 24,050,000 | Rate: 497775/s | Key: 0x61c95006e87488b008f5c2d72663f3f010
✨ Following gut feelings... Tested: 24,060,000 | Rate: 497882/s | Key: 0x4c43ca487233bf94198510eabf6bda9b7f
✨ Following gut feelings... Tested: 24,070,000 | Rate: 497587/s | Key: 0x51f75ddf384319ed88daf0f0495235fb8e
✨ Following gut feelings... Tested: 24,080,000 | Rate: 497666/s | Key: 0x59dcf54b63c087391667c81dc457aa2438
✨ Following gut feelings... Tested: 24,090,000 | Rate: 497707/s | Key: 0x4c537673bbaa834e32bae0566a3d5a3c8d
✨ Following gut feelings... Tested: 24,100,000 | Rate: 497708/s | Key: 0x7509b2fa4141fba215601968cd0e3dd8d5
✨ Following gut feelings... Tested: 24,110,000 | Rate: 497750/s | Key: 0x47804d931fc919e0dd4e411b791614acae
✨ Following gut feelings... Tested: 24,120,000 | Rate: 497834/s | Key: 0x54baf3d6c201f7a2a2a1ef9a841f4aadc8
✨ Following gut feelings... Tested: 24,130,000 | Rate: 497825/s | Key: 0x433c0c3c7f384886e9d7008e9830786878
✨ Following gut feelings... Tested: 24,140,000 | Rate: 497826/s | Key: 0x451844b99c5c248ccb111bb0679da279cc
✨ Following gut feelings... Tested: 24,150,000 | Rate: 497867/s | Key: 0x65bb7826ab2fec93f28c369261ca0fac12
✨ Following gut feelings... Tested: 24,160,000 | Rate: 497868/s | Key: 0x4a7c9936776c3b6ce8e7fbedac7da32820
✨ Following gut feelings... Tested: 24,170,000 | Rate: 497908/s | Key: 0x5a9813526e9184352919f863637b4c7b50
✨ Following gut feelings... Tested: 24,180,000 | Rate: 497867/s | Key: 0x5169e9c71efeafe95775e81d77d5009237
✨ Following gut feelings... Tested: 24,190,000 | Rate: 497875/s | Key: 0x7e136fea05fc376b502c4ca06d23ce0eb9
✨ Following gut feelings... Tested: 24,200,000 | Rate: 497957/s | Key: 0x68802bbcf95fbb91d9b895ade76423a597
✨ Following gut feelings... Tested: 24,210,000 | Rate: 497983/s | Key: 0x417884d51cec1180a6c605a51f34267c50
✨ Following gut feelings... Tested: 24,220,000 | Rate: 497983/s | Key: 0x53caa9a0072d96a56e90ae5ca57b001923
✨ Following gut feelings... Tested: 24,230,000 | Rate: 497952/s | Key: 0x7abdc2d17219f8ffda0704c852abaaf4d6
✨ Following gut feelings... Tested: 24,240,000 | Rate: 497912/s | Key: 0x6c1dac4cb5efcd4352ed723bf9ac8b10a1
✨ Following gut feelings... Tested: 24,250,000 | Rate: 497872/s | Key: 0x44c5c9c9faa8001b145de61dce5743db0f
✨ Following gut feelings... Tested: 24,260,000 | Rate: 497850/s | Key: 0x7f7d7a3ea4248c3e0096f918d34628334a
✨ Following gut feelings... Tested: 24,270,000 | Rate: 497847/s | Key: 0x6ec823817faa3161aa7bb3642f8c9f1df7
✨ Following gut feelings... Tested: 24,280,000 | Rate: 497846/s | Key: 0x76ab1ee0d17eb69fb9032068a18ec0e139
✨ Following gut feelings... Tested: 24,290,000 | Rate: 497807/s | Key: 0x540c8e184543a74c3ed17e0eaa5ff329ea
✨ Following gut feelings... Tested: 24,300,000 | Rate: 497746/s | Key: 0x788590558b65e78f75369eeb27522eba40
✨ Following gut feelings... Tested: 24,310,000 | Rate: 497910/s | Key: 0x79225a1f26dac0f47af9e3893cb4716a87
✨ Following gut feelings... Tested: 24,320,000 | Rate: 497902/s | Key: 0x510189b979151fd6b07f463ac3b5fd38b8
✨ Following gut feelings... Tested: 24,330,000 | Rate: 497655/s | Key: 0x6ad97c69aa276dab9193e0598a2a31df6b
✨ Following gut feelings... Tested: 24,340,000 | Rate: 497615/s | Key: 0x52207187a187599ec1c97cb87dd4301e1c
✨ Following gut feelings... Tested: 24,350,000 | Rate: 497575/s | Key: 0x6d96c4186023b9e3dbd5f24b1bc5d41355
✨ Following gut feelings... Tested: 24,360,000 | Rate: 497739/s | Key: 0x78114ddca695b04220f0dbef9ddd6a2306
✨ Following gut feelings... Tested: 24,370,000 | Rate: 497568/s | Key: 0x48bbda381a2894e314ce6e0b38814a01d5
✨ Following gut feelings... Tested: 24,380,000 | Rate: 497563/s | Key: 0x5e7986dd9eb4569d274ccb090a75e5e0cc
✨ Following gut feelings... Tested: 24,390,000 | Rate: 497563/s | Key: 0x7cfbe09f5cc546f0f4a9962edf8df24176
✨ Following gut feelings... Tested: 24,400,000 | Rate: 497575/s | Key: 0x6ffe698ec2386e8b5d56518de14bd48b4e
✨ Following gut feelings... Tested: 24,410,000 | Rate: 497486/s | Key: 0x46365965ec01700cd33b435eef7e4713c6
✨ Following gut feelings... Tested: 24,420,000 | Rate: 497446/s | Key: 0x4aba81d81e9ff70eedda68e3e52aa83022
✨ Following gut feelings... Tested: 24,430,000 | Rate: 497447/s | Key: 0x692035871d7dfb1db348a7a49df5508082
✨ Following gut feelings... Tested: 24,440,000 | Rate: 497494/s | Key: 0x697b7d403f49ce0ff72aa8fed7c52eac54
✨ Following gut feelings... Tested: 24,450,000 | Rate: 497530/s | Key: 0x54581cf4a0256d8037e2d73607c0c9c012
✨ Following gut feelings... Tested: 24,460,000 | Rate: 497527/s | Key: 0x68edb31f6fb7111a9f7af1202cb34ee6b7
✨ Following gut feelings... Tested: 24,470,000 | Rate: 497527/s | Key: 0x711ce8f2fec4ab023bd7a6e3ca87bb22eb
✨ Following gut feelings... Tested: 24,480,000 | Rate: 497528/s | Key: 0x42544ba1624756fe8d1a0c4bc924bdcf34
✨ Following gut feelings... Tested: 24,490,000 | Rate: 497528/s | Key: 0x7dc84b96a15602b0c4b8a5473ec3658205
✨ Following gut feelings... Tested: 24,500,000 | Rate: 497576/s | Key: 0x6bb8fdfcff9f3c999ec056c64aacae4686
✨ Following gut feelings... Tested: 24,510,000 | Rate: 497535/s | Key: 0x4f64d430c99df54deced51cb581d443d83
✨ Following gut feelings... Tested: 24,520,000 | Rate: 497638/s | Key: 0x6127ac98346cf55e9656479f7df1bac2e0
✨ Following gut feelings... Tested: 24,530,000 | Rate: 497638/s | Key: 0x5c8e984e84a94e3589dad850b66ff20430
✨ Following gut feelings... Tested: 24,540,000 | Rate: 497617/s | Key: 0x5c19f2e031f5404dfc3d964de1ae52326d
✨ Following gut feelings... Tested: 24,550,000 | Rate: 497457/s | Key: 0x6f3d2b99d2a34158fe48e4199595df50c4
✨ Following gut feelings... Tested: 24,560,000 | Rate: 497488/s | Key: 0x5ef769ed38bbc03dfb467f91ce0c704a66
✨ Following gut feelings... Tested: 24,570,000 | Rate: 497512/s | Key: 0x7e70db828703f22ee8550f61556b148e70
✨ Following gut feelings... Tested: 24,580,000 | Rate: 497508/s | Key: 0x79b6f81481f52e421a7143d4c686f160c2
✨ Following gut feelings... Tested: 24,590,000 | Rate: 497468/s | Key: 0x792738f423d74ce22b2fdd02af6613fb37
✨ Following gut feelings... Tested: 24,600,000 | Rate: 497519/s | Key: 0x57c945081fca3b8a96245d276698129d35
✨ Following gut feelings... Tested: 24,610,000 | Rate: 497582/s | Key: 0x7262f12d2b736d2698708a8059f161cc96
✨ Following gut feelings... Tested: 24,620,000 | Rate: 497582/s | Key: 0x5c85f8fb3840acae82e47e77b459b33a0e
✨ Following gut feelings... Tested: 24,630,000 | Rate: 497662/s | Key: 0x56461f19e5d0dcdcef6013333e1fed7cc4
✨ Following gut feelings... Tested: 24,640,000 | Rate: 497663/s | Key: 0x6345a0d25080badfe99d99535bd85c8e97
✨ Following gut feelings... Tested: 24,650,000 | Rate: 497704/s | Key: 0x65f65756535e63b455255cda841fbf5a59
✨ Following gut feelings... Tested: 24,660,000 | Rate: 497708/s | Key: 0x7c71ac20460cd61ae539abf6662a2de6eb
✨ Following gut feelings... Tested: 24,670,000 | Rate: 497669/s | Key: 0x574e1c6daa942b765bf031e8a7da6e8187
✨ Following gut feelings... Tested: 24,680,000 | Rate: 497761/s | Key: 0x79f1623ac37c43c9bc3b8b7746d0cabbd5
✨ Following gut feelings... Tested: 24,690,000 | Rate: 497769/s | Key: 0x4cec6e3c6b45ea7fef40724876b876796c
✨ Following gut feelings... Tested: 24,700,000 | Rate: 497761/s | Key: 0x6eacbab0c9aa8b588890b5667cd6d8b1aa
✨ Following gut feelings... Tested: 24,710,000 | Rate: 497761/s | Key: 0x68131f7dcd65542c2cc117ea0af286f35a
✨ Following gut feelings... Tested: 24,720,000 | Rate: 497709/s | Key: 0x6acd3e9661e644e08fd2ec5fcccdc4ef96
✨ Following gut feelings... Tested: 24,730,000 | Rate: 497750/s | Key: 0x6a493eaeb419175d3755bba8a3ef51ad42
✨ Following gut feelings... Tested: 24,740,000 | Rate: 497769/s | Key: 0x695a68a75dd164e5ceebb7cd17d773f39f
✨ Following gut feelings... Tested: 24,750,000 | Rate: 497602/s | Key: 0x5f6331cb516488fb8c180f503f4ad7805b
✨ Following gut feelings... Tested: 24,760,000 | Rate: 497708/s | Key: 0x5b7d671cc812ffc2d8fe1a65c8124016af
✨ Following gut feelings... Tested: 24,770,000 | Rate: 497534/s | Key: 0x71b6517f8d05dc9c2cf718b5093a0d95a0
✨ Following gut feelings... Tested: 24,780,000 | Rate: 497455/s | Key: 0x5238b774380fdfcba3285f514719695800
✨ Following gut feelings... Tested: 24,790,000 | Rate: 497504/s | Key: 0x5ecb4bfc87b7c8a7f93e99717a77799bcc
✨ Following gut feelings... Tested: 24,800,000 | Rate: 497665/s | Key: 0x6ad67441f317d4b58337f43db76ee40fd7
✨ Following gut feelings... Tested: 24,810,000 | Rate: 497575/s | Key: 0x5574124bcdca2a7d966c9b178ac78efc32
✨ Following gut feelings... Tested: 24,820,000 | Rate: 497521/s | Key: 0x78e97d6cc401672da41a41266123028c0e
✨ Following gut feelings... Tested: 24,830,000 | Rate: 497522/s | Key: 0x667ee610ee46f5c10d10c3a78a6610365a
✨ Following gut feelings... Tested: 24,840,000 | Rate: 497552/s | Key: 0x427f5abf1995e8d149e14ac0194a898fe0
✨ Following gut feelings... Tested: 24,850,000 | Rate: 497494/s | Key: 0x4f09705521b2415bd8a66e924c330e169b
✨ Following gut feelings... Tested: 24,860,000 | Rate: 497414/s | Key: 0x7a3067a0247db6aa86e5d544304b558886
✨ Following gut feelings... Tested: 24,870,000 | Rate: 497487/s | Key: 0x7592099b07ccadfa5fd5180d09f02b1d54
✨ Following gut feelings... Tested: 24,880,000 | Rate: 497545/s | Key: 0x483d875f99e9a856de230d531f67060e42
✨ Following gut feelings... Tested: 24,890,000 | Rate: 497603/s | Key: 0x54443708ff66a5f72f1f97b6f8a999c5f2
✨ Following gut feelings... Tested: 24,900,000 | Rate: 497614/s | Key: 0x49f196012807bbaa1768326af6f0ede981
✨ Following gut feelings... Tested: 24,910,000 | Rate: 497426/s | Key: 0x59f229c148277088464ea1ea6b5af6aa52
✨ Following gut feelings... Tested: 24,920,000 | Rate: 497324/s | Key: 0x7c969bd32400867e3386bf22f99723275f
✨ Following gut feelings... Tested: 24,930,000 | Rate: 497484/s | Key: 0x577972b9bebe3d534b73975538844c1a20
✨ Following gut feelings... Tested: 24,940,000 | Rate: 497319/s | Key: 0x778ce789dd6ed30b670013d547a5e6f59a
✨ Following gut feelings... Tested: 24,950,000 | Rate: 497180/s | Key: 0x415348b8158b9d56507cb984041b131d1b
✨ Following gut feelings... Tested: 24,960,000 | Rate: 497140/s | Key: 0x406a35f34ba48b8d646c0115d7d256d349
✨ Following gut feelings... Tested: 24,970,000 | Rate: 497212/s | Key: 0x6d21a26f397e7fe1e821630c59b49ddd6e
✨ Following gut feelings... Tested: 24,980,000 | Rate: 497232/s | Key: 0x5e8fd55b71cf4d8b107ba34cfee2c2e452
✨ Following gut feelings... Tested: 24,990,000 | Rate: 497184/s | Key: 0x54fb2308241f86a1f64648254596a73ba4
✨ Following gut feelings... Tested: 25,000,000 | Rate: 497184/s | Key: 0x4cef7b51c2c515f0d0eb799f6aef294ad2
✨ Following gut feelings... Tested: 25,010,000 | Rate: 497225/s | Key: 0x64731b9669c000ad7810f4856b5201fd61
✨ Following gut feelings... Tested: 25,020,000 | Rate: 497249/s | Key: 0x7171e359e650453cdcbbf98cbc4bd20294
✨ Following gut feelings... Tested: 25,030,000 | Rate: 497348/s | Key: 0x7b5f8c958af73478099e4e5bbd446fdb05
✨ Following gut feelings... Tested: 25,040,000 | Rate: 497243/s | Key: 0x7922c837a75e67161022230dc43c655345
✨ Following gut feelings... Tested: 25,050,000 | Rate: 497294/s | Key: 0x5615607aaaf784fdec20350f229ebd77f4
✨ Following gut feelings... Tested: 25,060,000 | Rate: 497126/s | Key: 0x5f37e95f122236ef9795826e703b42a336
✨ Following gut feelings... Tested: 25,070,000 | Rate: 497009/s | Key: 0x7818358eb83080fd18819e40e1d8ff7f0d
✨ Following gut feelings... Tested: 25,080,000 | Rate: 497010/s | Key: 0x5673b13af3b71672b258043919f4f15a9b
✨ Following gut feelings... Tested: 25,090,000 | Rate: 497043/s | Key: 0x6c9f23965f82c917427664a41b286c8cf8
✨ Following gut feelings... Tested: 25,100,000 | Rate: 497081/s | Key: 0x5a357cfca218a45f6d10afc189c6a1879b
✨ Following gut feelings... Tested: 25,110,000 | Rate: 497042/s | Key: 0x5f0bf24ebea7e364f22ed45ac67aac9d51
✨ Following gut feelings... Tested: 25,120,000 | Rate: 496967/s | Key: 0x4b9312e5b9e5bf0e6d4f5f7ee101cba1d5
✨ Following gut feelings... Tested: 25,130,000 | Rate: 496928/s | Key: 0x6d5426606b82f1aed843b9fddb010621e8
✨ Following gut feelings... Tested: 25,140,000 | Rate: 496909/s | Key: 0x55c139e2d40ceff82c8d43e771476f316c
✨ Following gut feelings... Tested: 25,150,000 | Rate: 496854/s | Key: 0x6292d790ee1c62bf7795c9b412ecd4fdf0
✨ Following gut feelings... Tested: 25,160,000 | Rate: 496906/s | Key: 0x65f59fc6b44fa5a9b57d595d123f6fec5d
✨ Following gut feelings... Tested: 25,170,000 | Rate: 496958/s | Key: 0x619b326e65bd3f2cc3c3d466ae26af39ee
✨ Following gut feelings... Tested: 25,180,000 | Rate: 496978/s | Key: 0x4082f7f25f9ac6dd757919f0a4e8cd67fc
✨ Following gut feelings... Tested: 25,190,000 | Rate: 496971/s | Key: 0x5e30c0de12da72ce23542292e5ad051430
✨ Following gut feelings... Tested: 25,200,000 | Rate: 497013/s | Key: 0x6da108359b9b0343558f029ee4cf78e1e2
✨ Following gut feelings... Tested: 25,210,000 | Rate: 496936/s | Key: 0x771d56513224e2de0d7f591925344238f0
✨ Following gut feelings... Tested: 25,220,000 | Rate: 496858/s | Key: 0x4ee6a8ded2e92194835ec40cda95f971e2
✨ Following gut feelings... Tested: 25,230,000 | Rate: 496859/s | Key: 0x6fdbccbb6f753f5f54ecc1efa955e66a74
✨ Following gut feelings... Tested: 25,240,000 | Rate: 496840/s | Key: 0x70a791f30bd4bbecaf40e81e8aede869f0
✨ Following gut feelings... Tested: 25,250,000 | Rate: 496998/s | Key: 0x7e9874fedcd455bdfcaa357c4a00aaaa05
✨ Following gut feelings... Tested: 25,260,000 | Rate: 496791/s | Key: 0x48d1280bf1074f46a39182300279eccdd6
✨ Following gut feelings... Tested: 25,270,000 | Rate: 496878/s | Key: 0x4882e17190a5619b2e6ca48617eaea9c34
✨ Following gut feelings... Tested: 25,280,000 | Rate: 496840/s | Key: 0x567dc5477c7ae455e0ba2e926884c65b73
✨ Following gut feelings... Tested: 25,290,000 | Rate: 496909/s | Key: 0x461360caf83247f4d6a3439ff90cedd35f
✨ Following gut feelings... Tested: 25,300,000 | Rate: 496945/s | Key: 0x76a66a7f7f1d70408d0425ee2cb5356a9b
✨ Following gut feelings... Tested: 25,310,000 | Rate: 496824/s | Key: 0x7ab0280e270dcc1756d7644622ebf1e4c2
✨ Following gut feelings... Tested: 25,320,000 | Rate: 496982/s | Key: 0x60da69a858605c4125123056a266083028
✨ Following gut feelings... Tested: 25,330,000 | Rate: 496942/s | Key: 0x593478118d1b651cb92a86d2c26c1b0f71
✨ Following gut feelings... Tested: 25,340,000 | Rate: 496904/s | Key: 0x694ea8f002aae6693e3a8230b3ea4a2cf5
✨ Following gut feelings... Tested: 25,350,000 | Rate: 496904/s | Key: 0x78909563429236e9f3a6942436c8cc02a8
✨ Following gut feelings... Tested: 25,360,000 | Rate: 496731/s | Key: 0x740154b70aeea05c34939adadd8dcc1b48
✨ Following gut feelings... Tested: 25,370,000 | Rate: 496779/s | Key: 0x71428f8222bdaa3c1f4204aa9e8af3d489
✨ Following gut feelings... Tested: 25,380,000 | Rate: 496806/s | Key: 0x6565536805308952c994b897d831d6001e
✨ Following gut feelings... Tested: 25,390,000 | Rate: 496807/s | Key: 0x4cf2492718d13175450b3492b6cb34f46a
✨ Following gut feelings... Tested: 25,400,000 | Rate: 496866/s | Key: 0x49321ece73695f781397d0e1f5172edaa7
✨ Following gut feelings... Tested: 25,410,000 | Rate: 496867/s | Key: 0x4c6d99eda44ef596e8d74360bf737c5051
✨ Following gut feelings... Tested: 25,420,000 | Rate: 496906/s | Key: 0x7e2d9240963ea2696441ce912db4049726
✨ Following gut feelings... Tested: 25,430,000 | Rate: 496763/s | Key: 0x4ebae519602f937e40dc6e1ab3402f5064
✨ Following gut feelings... Tested: 25,440,000 | Rate: 496919/s | Key: 0x749e3e11311ad03385d6cee7d6caf46896
✨ Following gut feelings... Tested: 25,450,000 | Rate: 496873/s | Key: 0x4308449479da289a982775a01d8069567e
✨ Following gut feelings... Tested: 25,460,000 | Rate: 496835/s | Key: 0x54fe838a3a8875d0a2fc601a167b3df8d0
✨ Following gut feelings... Tested: 25,470,000 | Rate: 496836/s | Key: 0x6baaf0984049909c15d914191f4b56e23d
✨ Following gut feelings... Tested: 25,480,000 | Rate: 496953/s | Key: 0x5198ba25b93352a56aac10bfe9e62017c7
✨ Following gut feelings... Tested: 25,490,000 | Rate: 496916/s | Key: 0x7afcd1cc3a9a1813395fc0a3e4a408a78a
✨ Following gut feelings... Tested: 25,500,000 | Rate: 496877/s | Key: 0x6126aef5cb52df841061afa84723310537
✨ Following gut feelings... Tested: 25,510,000 | Rate: 496966/s | Key: 0x6452b45a816ef1a7fe93e27bcd0df5b4f1
✨ Following gut feelings... Tested: 25,520,000 | Rate: 496906/s | Key: 0x60a8c264b604560ba447074ecf20e1db6d
✨ Following gut feelings... Tested: 25,530,000 | Rate: 496946/s | Key: 0x7673d531a5c554c6de52eef27fd21423bd
✨ Following gut feelings... Tested: 25,540,000 | Rate: 496930/s | Key: 0x648fb12bf63c8349c0d81c1b0e69c9e88c
✨ Following gut feelings... Tested: 25,550,000 | Rate: 496892/s | Key: 0x60601939af942cf1832a6a16a45db0944a
✨ Following gut feelings... Tested: 25,560,000 | Rate: 496932/s | Key: 0x65e6048707305b9299e88814e7c4173307
✨ Following gut feelings... Tested: 25,570,000 | Rate: 496778/s | Key: 0x7947c14fe33ba3e1f567e105a1c8e6642f
✨ Following gut feelings... Tested: 25,580,000 | Rate: 496624/s | Key: 0x6cccbdd98ebbedf5d09a82d4015270aa97
✨ Following gut feelings... Tested: 25,590,000 | Rate: 496628/s | Key: 0x6fd04e33d26e0de8481e8d13d99b311d9f
✨ Following gut feelings... Tested: 25,600,000 | Rate: 496619/s | Key: 0x4e28633e73500ae37eb3eacad6f4f355cb
✨ Following gut feelings... Tested: 25,610,000 | Rate: 496711/s | Key: 0x6e4ae4b345eb103183e12d6aa109bb964c
✨ Following gut feelings... Tested: 25,620,000 | Rate: 496650/s | Key: 0x7d9d74713ec6cded57d1a8bfe8c94ca6ed
✨ Following gut feelings... Tested: 25,630,000 | Rate: 496641/s | Key: 0x7eae35d51c8f9b69ea8198067669ed6b92
✨ Following gut feelings... Tested: 25,640,000 | Rate: 496719/s | Key: 0x643eab03d415da8063fe4b01c53bdff122
✨ Following gut feelings... Tested: 25,650,000 | Rate: 496690/s | Key: 0x6627ba9df08f7b95bfd04cc9205a1d1323
✨ Following gut feelings... Tested: 25,660,000 | Rate: 496691/s | Key: 0x482823b5a9d27edd56080f849210fa852e
✨ Following gut feelings... Tested: 25,670,000 | Rate: 496618/s | Key: 0x5882b814dbd4268702d2c40b944aafe38b
✨ Following gut feelings... Tested: 25,680,000 | Rate: 496696/s | Key: 0x4c5b64ba721521deb346927c12a4616841
✨ Following gut feelings... Tested: 25,690,000 | Rate: 496752/s | Key: 0x54bdc7ed64a7a694580afe20d1ece89f19
✨ Following gut feelings... Tested: 25,700,000 | Rate: 496825/s | Key: 0x458a90ec1586954a5a91385fcaafc0ebd2
✨ Following gut feelings... Tested: 25,710,000 | Rate: 496672/s | Key: 0x5e953dba8c24bfcb5c9a6ef9766df88532
✨ Following gut feelings... Tested: 25,720,000 | Rate: 496719/s | Key: 0x775c1f5d410fdca0256998e20f93806de1
✨ Following gut feelings... Tested: 25,730,000 | Rate: 496462/s | Key: 0x77a3d2c499d7fc3280f5f6bb288a822c05
✨ Following gut feelings... Tested: 25,740,000 | Rate: 496425/s | Key: 0x60ad01786357e9d42aad754857ad1fc131
✨ Following gut feelings... Tested: 25,750,000 | Rate: 496444/s | Key: 0x5d8e639056af0b4266c0dfe26f8217a232
✨ Following gut feelings... Tested: 25,760,000 | Rate: 496426/s | Key: 0x467da70ec4a7d693ed49a6eea4374bf30c
✨ Following gut feelings... Tested: 25,770,000 | Rate: 496385/s | Key: 0x689033400d347556f0d54a6830e6ec3171
✨ Following gut feelings... Tested: 25,780,000 | Rate: 496423/s | Key: 0x52baca6b2f2febc40bb475c1cee3445786
✨ Following gut feelings... Tested: 25,790,000 | Rate: 496400/s | Key: 0x593f43331268a1ee947778db8aee782e76
✨ Following gut feelings... Tested: 25,800,000 | Rate: 496384/s | Key: 0x50e5f92cf2750ee78843487145777a10ea
✨ Following gut feelings... Tested: 25,810,000 | Rate: 496328/s | Key: 0x762ff02a8c203d325a2bb46b2ae990ef16
✨ Following gut feelings... Tested: 25,820,000 | Rate: 496443/s | Key: 0x7e301440e33ef30c2030a732717339da76
✨ Following gut feelings... Tested: 25,830,000 | Rate: 496429/s | Key: 0x40146fa5bf3d3a4fab0c972ee2b990ef5e
✨ Following gut feelings... Tested: 25,840,000 | Rate: 496455/s | Key: 0x4708b69a5fa452e0d088cb511f8e9325cb
✨ Following gut feelings... Tested: 25,850,000 | Rate: 496326/s | Key: 0x7bb0fe7f12efbf6db1e1c8f48662347093
✨ Following gut feelings... Tested: 25,860,000 | Rate: 496279/s | Key: 0x5d58d138e386ece8043c09f549c6558b7c
✨ Following gut feelings... Tested: 25,870,000 | Rate: 496297/s | Key: 0x60f514fd62e0b8a4f90b1051fc540eb235
✨ Following gut feelings... Tested: 25,880,000 | Rate: 496294/s | Key: 0x4a4f359d6faec3dd04fdd94598bc494624
✨ Following gut feelings... Tested: 25,890,000 | Rate: 496399/s | Key: 0x4a69616860e4b6e614ca6b7acd9d42f0a6
✨ Following gut feelings... Tested: 25,900,000 | Rate: 496342/s | Key: 0x4cb46f4dc81f1239b0335796ef87416999
✨ Following gut feelings... Tested: 25,910,000 | Rate: 496305/s | Key: 0x64573df653e279ca5281e188a1b5918c78
✨ Following gut feelings... Tested: 25,920,000 | Rate: 496154/s | Key: 0x64530cf1c566682fc0738f1e90aa2ddd69
✨ Following gut feelings... Tested: 25,930,000 | Rate: 496007/s | Key: 0x4ecca817a2f19cfd790539b485b4bc0e2c
✨ Following gut feelings... Tested: 25,940,000 | Rate: 496074/s | Key: 0x4f10a0ebd811004e2fd90f201915fa7688
✨ Following gut feelings... Tested: 25,950,000 | Rate: 496130/s | Key: 0x593e7d13f25ff30ad656ace7fba2101a27
✨ Following gut feelings... Tested: 25,960,000 | Rate: 495926/s | Key: 0x644f13ba0d6a58872edd6414bfa797bf4b
✨ Following gut feelings... Tested: 25,970,000 | Rate: 496014/s | Key: 0x530c46c184bd9919e24d86e79e0e795786
✨ Following gut feelings... Tested: 25,980,000 | Rate: 496042/s | Key: 0x4d59516f421ea9563accf2af391e589851
✨ Following gut feelings... Tested: 25,990,000 | Rate: 496071/s | Key: 0x7bf19af4aa6c05a287128cd2ef2f031896
✨ Following gut feelings... Tested: 26,000,000 | Rate: 496054/s | Key: 0x49a4cc01fb97bde7531adbba2aebeabf2e
✨ Following gut feelings... Tested: 26,010,000 | Rate: 496173/s | Key: 0x6b1738157ffd6dca94627172f915ab1e6b
✨ Following gut feelings... Tested: 26,020,000 | Rate: 496062/s | Key: 0x61b66699f5b413671c29378f58222ebd4a
✨ Following gut feelings... Tested: 26,030,000 | Rate: 496094/s | Key: 0x755c0148a01a03313ed4aa3b1a95056e20
✨ Following gut feelings... Tested: 26,040,000 | Rate: 496151/s | Key: 0x53d5ebe10e9d7cf4e320ce750ece7958df
✨ Following gut feelings... Tested: 26,050,000 | Rate: 496200/s | Key: 0x7b867e78e141a63be3be3a1727fd0d1216
✨ Following gut feelings... Tested: 26,060,000 | Rate: 496282/s | Key: 0x793018959a7b18ba00062b60ee1739666f
✨ Following gut feelings... Tested: 26,070,000 | Rate: 496273/s | Key: 0x5f32cf4cea04ed9c1f2d7e5de989878611
✨ Following gut feelings... Tested: 26,080,000 | Rate: 496312/s | Key: 0x6d490c7b7c10b98c0eda6a10263b578e7d
✨ Following gut feelings... Tested: 26,090,000 | Rate: 496389/s | Key: 0x5c10c9a48277719a793bed09156d349c31
✨ Following gut feelings... Tested: 26,100,000 | Rate: 496436/s | Key: 0x6b841afb212cd8b2f42d168d7c4e146499
✨ Following gut feelings... Tested: 26,110,000 | Rate: 496497/s | Key: 0x56b7f76fd5d7a9e05f60cd4ec72c8f942f
✨ Following gut feelings... Tested: 26,120,000 | Rate: 496544/s | Key: 0x6c425edcdad36de581f0af45ce00435254
✨ Following gut feelings... Tested: 26,130,000 | Rate: 496451/s | Key: 0x52003421e029e0ca7b38e111aff3ac19cc
✨ Following gut feelings... Tested: 26,140,000 | Rate: 496406/s | Key: 0x5b249c8c298eb2e351b5cef472054f21e8
✨ Following gut feelings... Tested: 26,150,000 | Rate: 496226/s | Key: 0x7b685b67d2bf21c9df0b8c3defa45a7211
✨ Following gut feelings... Tested: 26,160,000 | Rate: 496094/s | Key: 0x75acba1661f4274fabddfad6cab56c36f7
✨ Following gut feelings... Tested: 26,170,000 | Rate: 496245/s | Key: 0x42323ca7f2f46bd85d2560ce8b8f0c0c2c
✨ Following gut feelings... Tested: 26,180,000 | Rate: 496083/s | Key: 0x5a4ec45869b2cf9ac2b5fd97b2a4524e87
✨ Following gut feelings... Tested: 26,190,000 | Rate: 496158/s | Key: 0x6c750024fe2234a19328319dcfa337e4ab
✨ Following gut feelings... Tested: 26,200,000 | Rate: 496186/s | Key: 0x7f5bfb7086075c57c30ab43cc604724307
✨ Following gut feelings... Tested: 26,210,000 | Rate: 496224/s | Key: 0x750609b16ae745b007b6df4d1cd6d4e245
✨ Following gut feelings... Tested: 26,220,000 | Rate: 496300/s | Key: 0x7928b4f372800ed81841b45f2c590891a9
✨ Following gut feelings... Tested: 26,230,000 | Rate: 496366/s | Key: 0x4a24459c8c6f8f7525501c6a7f0b6267de
✨ Following gut feelings... Tested: 26,240,000 | Rate: 496433/s | Key: 0x7de4ede2b65dfaa1f36376c9438e507e3d
✨ Following gut feelings... Tested: 26,250,000 | Rate: 496516/s | Key: 0x7cab5bc87fe99165e5b4b557f998d54fa6
✨ Following gut feelings... Tested: 26,260,000 | Rate: 496289/s | Key: 0x6364ebf179d8a35c105c96c65065ba3253
✨ Following gut feelings... Tested: 26,270,000 | Rate: 496204/s | Key: 0x5a8fb436d2d526d85f992628e522e0c53f
✨ Following gut feelings... Tested: 26,280,000 | Rate: 496202/s | Key: 0x6b3ac64517392466b6f206011f23a32cb1
✨ Following gut feelings... Tested: 26,290,000 | Rate: 496236/s | Key: 0x432538a2d00c60bac2eacf9d821b17bca3
✨ Following gut feelings... Tested: 26,300,000 | Rate: 496236/s | Key: 0x56bcbf5caaa929ddb9b9c52e74b98b8620
✨ Following gut feelings... Tested: 26,310,000 | Rate: 496225/s | Key: 0x78469388730a6eef96032f2117b942c167
✨ Following gut feelings... Tested: 26,320,000 | Rate: 496189/s | Key: 0x693f401e6e4246f30eab2b601cd6373900
✨ Following gut feelings... Tested: 26,330,000 | Rate: 496252/s | Key: 0x6c955a52d4332e0345e9e81f5ac73de0bc
✨ Following gut feelings... Tested: 26,340,000 | Rate: 496348/s | Key: 0x4e32ef906a3caf1acc6d995adf72642ef0
✨ Following gut feelings... Tested: 26,350,000 | Rate: 496310/s | Key: 0x4c558c356c7d92d8fe6ab4d8578dc2e487
✨ Following gut feelings... Tested: 26,360,000 | Rate: 496274/s | Key: 0x6f0dd7d06691ab7097a6627ba22680f3af
✨ Following gut feelings... Tested: 26,370,000 | Rate: 496264/s | Key: 0x595230759f08cbd638e01fe666568c5ae7
✨ Following gut feelings... Tested: 26,380,000 | Rate: 496218/s | Key: 0x4aae33feb48310d1223f6a2e683535ca15
✨ Following gut feelings... Tested: 26,390,000 | Rate: 496180/s | Key: 0x6262394d3369be61fc467dcf9cac98099a
✨ Following gut feelings... Tested: 26,400,000 | Rate: 496283/s | Key: 0x7ddb4c8f7b29a1308cfef0b860e498d4f8
✨ Following gut feelings... Tested: 26,410,000 | Rate: 496208/s | Key: 0x4939439c3d60a832386e240a5364e86d1d
✨ Following gut feelings... Tested: 26,420,000 | Rate: 496254/s | Key: 0x628c201e30df2d98923cfd7ff7755d4ed3
✨ Following gut feelings... Tested: 26,430,000 | Rate: 496180/s | Key: 0x52a1804d1cc10a451f5028a068c3cde17f
✨ Following gut feelings... Tested: 26,440,000 | Rate: 496181/s | Key: 0x68b662dce95e809e98928f2f8fc72b12b6
✨ Following gut feelings... Tested: 26,450,000 | Rate: 496200/s | Key: 0x77fad7524422023a21e1b13e490fbf3c71
✨ Following gut feelings... Tested: 26,460,000 | Rate: 496161/s | Key: 0x77e940dfabe7605288005b67f69b69d028
✨ Following gut feelings... Tested: 26,470,000 | Rate: 496103/s | Key: 0x6e73d9e89ac6f3477d465f1b47cdf5a5f7
✨ Following gut feelings... Tested: 26,480,000 | Rate: 496253/s | Key: 0x60d56b73e74277029da7cea06f9f33797d
✨ Following gut feelings... Tested: 26,490,000 | Rate: 496010/s | Key: 0x5653b733fc415f10971a9db06d173dc94d
✨ Following gut feelings... Tested: 26,500,000 | Rate: 495992/s | Key: 0x45d99d5ba55480c898b6c1742e2f5bacb2
✨ Following gut feelings... Tested: 26,510,000 | Rate: 496142/s | Key: 0x47d888d153a3a8970fb5d9b6b475ba954f
✨ Following gut feelings... Tested: 26,520,000 | Rate: 495947/s | Key: 0x7fecab158d3f8e30ccb5090d02f134941c
✨ Following gut feelings... Tested: 26,530,000 | Rate: 495882/s | Key: 0x6df1b36bf61fdd6a3b22963469c8677853
✨ Following gut feelings... Tested: 26,540,000 | Rate: 496031/s | Key: 0x46da1e790eb68756faad00e74ddd7e8c8c
✨ Following gut feelings... Tested: 26,550,000 | Rate: 495712/s | Key: 0x4da221073c63c124af75896941750d49e2
✨ Following gut feelings... Tested: 26,560,000 | Rate: 495671/s | Key: 0x4398c86174090073d1de2ae632f08713de
✨ Following gut feelings... Tested: 26,570,000 | Rate: 495543/s | Key: 0x462eb8ae244748868044ee605e55c846ea
✨ Following gut feelings... Tested: 26,580,000 | Rate: 495537/s | Key: 0x5e0d428925733100421d14bad19606c90d
✨ Following gut feelings... Tested: 26,590,000 | Rate: 495558/s | Key: 0x53755e59d2a9ef35f1b79ef2098b6b9e4c
